name,parent
They Shoot Pictures Don't They?,
English,They Shoot Pictures Don't They?
Foreign,They Shoot Pictures Don't They?
English | Average (100-130 mins),English
English | Long (130+ mins),English
English | Short (100 mins or less),English
Foreign | Average (100-130 mins),Foreign
Foreign | Long (130+ mins),Foreign
Foreign | Short (100 mins or less),Foreign
English | Average (100-130 mins) | Pre-1950,English | Average (100-130 mins)
English | Average (100-130 mins) | 1950-1990,English | Average (100-130 mins)
English | Average (100-130 mins) | 1990-Now,English | Average (100-130 mins)
English | Long (130+ mins) | Pre-1950,English | Long (130+ mins)
English | Long (130+ mins) | 1950-1990,English | Long (130+ mins)
English | Long (130+ mins) | 1990-Now,English | Long (130+ mins)
English | Short (100 mins or less) | Pre-1950,English | Short (100 mins or less)
English | Short (100 mins or less) | 1950-1990,English | Short (100 mins or less)
English | Short (100 mins or less) | 1990-Now,English | Short (100 mins or less)
Foreign | Average (100-130 mins) | Pre-1950,Foreign | Average (100-130 mins)
Foreign | Average (100-130 mins) | 1950-1990,Foreign | Average (100-130 mins)
Foreign | Average (100-130 mins) | 1990-Now,Foreign | Average (100-130 mins)
Foreign | Long (130+ mins) | Pre-1950,Foreign | Long (130+ mins)
Foreign | Long (130+ mins) | 1950-1990,Foreign | Long (130+ mins)
Foreign | Long (130+ mins) | 1990-Now,Foreign | Long (130+ mins)
Foreign | Short (100 mins or less) | Pre-1950,Foreign | Short (100 mins or less)
Foreign | Short (100 mins or less) | 1950-1990,Foreign | Short (100 mins or less)
Foreign | Short (100 mins or less) | 1990-Now,Foreign | Short (100 mins or less)
English | Average (100-130 mins) | Pre-1950 | Adventure,English | Average (100-130 mins) | Pre-1950
English | Average (100-130 mins) | Pre-1950 | Comedy,English | Average (100-130 mins) | Pre-1950
English | Average (100-130 mins) | Pre-1950 | Crime,English | Average (100-130 mins) | Pre-1950
English | Average (100-130 mins) | Pre-1950 | Drama,English | Average (100-130 mins) | Pre-1950
English | Average (100-130 mins) | Pre-1950 | Fantasy,English | Average (100-130 mins) | Pre-1950
English | Average (100-130 mins) | Pre-1950 | History,English | Average (100-130 mins) | Pre-1950
English | Average (100-130 mins) | Pre-1950 | Musical,English | Average (100-130 mins) | Pre-1950
English | Average (100-130 mins) | Pre-1950 | Mystery,English | Average (100-130 mins) | Pre-1950
English | Average (100-130 mins) | Pre-1950 | Political,English | Average (100-130 mins) | Pre-1950
English | Average (100-130 mins) | Pre-1950 | Romance,English | Average (100-130 mins) | Pre-1950
English | Average (100-130 mins) | Pre-1950 | Thriller,English | Average (100-130 mins) | Pre-1950
English | Average (100-130 mins) | Pre-1950 | War,English | Average (100-130 mins) | Pre-1950
English | Average (100-130 mins) | Pre-1950 | Western,English | Average (100-130 mins) | Pre-1950
English | Average (100-130 mins) | 1950-1990 | Action,English | Average (100-130 mins) | 1950-1990
English | Average (100-130 mins) | 1950-1990 | Adventure,English | Average (100-130 mins) | 1950-1990
English | Average (100-130 mins) | 1950-1990 | Biography,English | Average (100-130 mins) | 1950-1990
English | Average (100-130 mins) | 1950-1990 | Comedy,English | Average (100-130 mins) | 1950-1990
English | Average (100-130 mins) | 1950-1990 | Crime,English | Average (100-130 mins) | 1950-1990
English | Average (100-130 mins) | 1950-1990 | Documentary,English | Average (100-130 mins) | 1950-1990
English | Average (100-130 mins) | 1950-1990 | Drama,English | Average (100-130 mins) | 1950-1990
English | Average (100-130 mins) | 1950-1990 | History,English | Average (100-130 mins) | 1950-1990
English | Average (100-130 mins) | 1950-1990 | Horror,English | Average (100-130 mins) | 1950-1990
English | Average (100-130 mins) | 1950-1990 | Musical,English | Average (100-130 mins) | 1950-1990
English | Average (100-130 mins) | 1950-1990 | Mystery,English | Average (100-130 mins) | 1950-1990
English | Average (100-130 mins) | 1950-1990 | Political,English | Average (100-130 mins) | 1950-1990
English | Average (100-130 mins) | 1950-1990 | Prison,English | Average (100-130 mins) | 1950-1990
English | Average (100-130 mins) | 1950-1990 | Romance,English | Average (100-130 mins) | 1950-1990
English | Average (100-130 mins) | 1950-1990 | Science Fiction,English | Average (100-130 mins) | 1950-1990
English | Average (100-130 mins) | 1950-1990 | Sport,English | Average (100-130 mins) | 1950-1990
English | Average (100-130 mins) | 1950-1990 | Thriller,English | Average (100-130 mins) | 1950-1990
English | Average (100-130 mins) | 1950-1990 | War,English | Average (100-130 mins) | 1950-1990
English | Average (100-130 mins) | 1950-1990 | Western,English | Average (100-130 mins) | 1950-1990
English | Average (100-130 mins) | 1990-Now | Action,English | Average (100-130 mins) | 1990-Now
English | Average (100-130 mins) | 1990-Now | Comedy,English | Average (100-130 mins) | 1990-Now
English | Average (100-130 mins) | 1990-Now | Crime,English | Average (100-130 mins) | 1990-Now
English | Average (100-130 mins) | 1990-Now | Documentary,English | Average (100-130 mins) | 1990-Now
English | Average (100-130 mins) | 1990-Now | Drama,English | Average (100-130 mins) | 1990-Now
English | Average (100-130 mins) | 1990-Now | Musical,English | Average (100-130 mins) | 1990-Now
English | Average (100-130 mins) | 1990-Now | Romance,English | Average (100-130 mins) | 1990-Now
English | Average (100-130 mins) | 1990-Now | Science Fiction,English | Average (100-130 mins) | 1990-Now
English | Average (100-130 mins) | 1990-Now | Thriller,English | Average (100-130 mins) | 1990-Now
English | Average (100-130 mins) | 1990-Now | Western,English | Average (100-130 mins) | 1990-Now
English | Long (130+ mins) | Pre-1950 | Dance,English | Long (130+ mins) | Pre-1950
English | Long (130+ mins) | Pre-1950 | Drama,English | Long (130+ mins) | Pre-1950
English | Long (130+ mins) | Pre-1950 | History,English | Long (130+ mins) | Pre-1950
English | Long (130+ mins) | Pre-1950 | War,English | Long (130+ mins) | Pre-1950
English | Long (130+ mins) | Pre-1950 | Western,English | Long (130+ mins) | Pre-1950
English | Long (130+ mins) | 1950-1990 | Adventure,English | Long (130+ mins) | 1950-1990
English | Long (130+ mins) | 1950-1990 | Biography,English | Long (130+ mins) | 1950-1990
English | Long (130+ mins) | 1950-1990 | Comedy,English | Long (130+ mins) | 1950-1990
English | Long (130+ mins) | 1950-1990 | Crime,English | Long (130+ mins) | 1950-1990
English | Long (130+ mins) | 1950-1990 | Documentary,English | Long (130+ mins) | 1950-1990
English | Long (130+ mins) | 1950-1990 | Drama,English | Long (130+ mins) | 1950-1990
English | Long (130+ mins) | 1950-1990 | Fantasy,English | Long (130+ mins) | 1950-1990
English | Long (130+ mins) | 1950-1990 | History,English | Long (130+ mins) | 1950-1990
English | Long (130+ mins) | 1950-1990 | Horror,English | Long (130+ mins) | 1950-1990
English | Long (130+ mins) | 1950-1990 | Musical,English | Long (130+ mins) | 1950-1990
English | Long (130+ mins) | 1950-1990 | Mystery,English | Long (130+ mins) | 1950-1990
English | Long (130+ mins) | 1950-1990 | Political,English | Long (130+ mins) | 1950-1990
English | Long (130+ mins) | 1950-1990 | Religious,English | Long (130+ mins) | 1950-1990
English | Long (130+ mins) | 1950-1990 | Romance,English | Long (130+ mins) | 1950-1990
English | Long (130+ mins) | 1950-1990 | Science Fiction,English | Long (130+ mins) | 1950-1990
English | Long (130+ mins) | 1950-1990 | Sport,English | Long (130+ mins) | 1950-1990
English | Long (130+ mins) | 1950-1990 | Thriller,English | Long (130+ mins) | 1950-1990
English | Long (130+ mins) | 1950-1990 | War,English | Long (130+ mins) | 1950-1990
English | Long (130+ mins) | 1950-1990 | Western,English | Long (130+ mins) | 1950-1990
English | Long (130+ mins) | 1950-1990 | Avant-Garde,English | Long (130+ mins) | 1950-1990
English | Long (130+ mins) | 1990-Now | Action,English | Long (130+ mins) | 1990-Now
English | Long (130+ mins) | 1990-Now | Comedy,English | Long (130+ mins) | 1990-Now
English | Long (130+ mins) | 1990-Now | Crime,English | Long (130+ mins) | 1990-Now
English | Long (130+ mins) | 1990-Now | Documentary,English | Long (130+ mins) | 1990-Now
English | Long (130+ mins) | 1990-Now | Drama,English | Long (130+ mins) | 1990-Now
English | Long (130+ mins) | 1990-Now | History,English | Long (130+ mins) | 1990-Now
English | Long (130+ mins) | 1990-Now | Horror,English | Long (130+ mins) | 1990-Now
English | Long (130+ mins) | 1990-Now | Musical,English | Long (130+ mins) | 1990-Now
English | Long (130+ mins) | 1990-Now | Mystery,English | Long (130+ mins) | 1990-Now
English | Long (130+ mins) | 1990-Now | Prison,English | Long (130+ mins) | 1990-Now
English | Long (130+ mins) | 1990-Now | Romance,English | Long (130+ mins) | 1990-Now
English | Long (130+ mins) | 1990-Now | Science Fiction,English | Long (130+ mins) | 1990-Now
English | Long (130+ mins) | 1990-Now | Thriller,English | Long (130+ mins) | 1990-Now
English | Long (130+ mins) | 1990-Now | War,English | Long (130+ mins) | 1990-Now
English | Short (100 mins or less) | Pre-1950 | Adventure,English | Short (100 mins or less) | Pre-1950
English | Short (100 mins or less) | Pre-1950 | Animated,English | Short (100 mins or less) | Pre-1950
English | Short (100 mins or less) | Pre-1950 | Comedy,English | Short (100 mins or less) | Pre-1950
English | Short (100 mins or less) | Pre-1950 | Crime,English | Short (100 mins or less) | Pre-1950
English | Short (100 mins or less) | Pre-1950 | Documentary,English | Short (100 mins or less) | Pre-1950
English | Short (100 mins or less) | Pre-1950 | Drama,English | Short (100 mins or less) | Pre-1950
English | Short (100 mins or less) | Pre-1950 | Fantasy,English | Short (100 mins or less) | Pre-1950
English | Short (100 mins or less) | Pre-1950 | Horror,English | Short (100 mins or less) | Pre-1950
English | Short (100 mins or less) | Pre-1950 | Musical,English | Short (100 mins or less) | Pre-1950
English | Short (100 mins or less) | Pre-1950 | Mystery,English | Short (100 mins or less) | Pre-1950
English | Short (100 mins or less) | Pre-1950 | Political,English | Short (100 mins or less) | Pre-1950
English | Short (100 mins or less) | Pre-1950 | Religious,English | Short (100 mins or less) | Pre-1950
English | Short (100 mins or less) | Pre-1950 | Romance,English | Short (100 mins or less) | Pre-1950
English | Short (100 mins or less) | Pre-1950 | Spy,English | Short (100 mins or less) | Pre-1950
English | Short (100 mins or less) | Pre-1950 | Thriller,English | Short (100 mins or less) | Pre-1950
English | Short (100 mins or less) | Pre-1950 | War,English | Short (100 mins or less) | Pre-1950
English | Short (100 mins or less) | Pre-1950 | Western,English | Short (100 mins or less) | Pre-1950
English | Short (100 mins or less) | Pre-1950 | Avant-Garde,English | Short (100 mins or less) | Pre-1950
English | Short (100 mins or less) | 1950-1990 | Action,English | Short (100 mins or less) | 1950-1990
English | Short (100 mins or less) | 1950-1990 | Adventure,English | Short (100 mins or less) | 1950-1990
English | Short (100 mins or less) | 1950-1990 | Comedy,English | Short (100 mins or less) | 1950-1990
English | Short (100 mins or less) | 1950-1990 | Crime,English | Short (100 mins or less) | 1950-1990
English | Short (100 mins or less) | 1950-1990 | Documentary,English | Short (100 mins or less) | 1950-1990
English | Short (100 mins or less) | 1950-1990 | Drama,English | Short (100 mins or less) | 1950-1990
English | Short (100 mins or less) | 1950-1990 | Fantasy,English | Short (100 mins or less) | 1950-1990
English | Short (100 mins or less) | 1950-1990 | History,English | Short (100 mins or less) | 1950-1990
English | Short (100 mins or less) | 1950-1990 | Horror,English | Short (100 mins or less) | 1950-1990
English | Short (100 mins or less) | 1950-1990 | Musical,English | Short (100 mins or less) | 1950-1990
English | Short (100 mins or less) | 1950-1990 | Romance,English | Short (100 mins or less) | 1950-1990
English | Short (100 mins or less) | 1950-1990 | Science Fiction,English | Short (100 mins or less) | 1950-1990
English | Short (100 mins or less) | 1950-1990 | Sport,English | Short (100 mins or less) | 1950-1990
English | Short (100 mins or less) | 1950-1990 | Spy,English | Short (100 mins or less) | 1950-1990
English | Short (100 mins or less) | 1950-1990 | Thriller,English | Short (100 mins or less) | 1950-1990
English | Short (100 mins or less) | 1950-1990 | War,English | Short (100 mins or less) | 1950-1990
English | Short (100 mins or less) | 1950-1990 | Western,English | Short (100 mins or less) | 1950-1990
English | Short (100 mins or less) | 1950-1990 | Avant-Garde,English | Short (100 mins or less) | 1950-1990
English | Short (100 mins or less) | 1990-Now | Animated,English | Short (100 mins or less) | 1990-Now
English | Short (100 mins or less) | 1990-Now | Comedy,English | Short (100 mins or less) | 1990-Now
English | Short (100 mins or less) | 1990-Now | Crime,English | Short (100 mins or less) | 1990-Now
English | Short (100 mins or less) | 1990-Now | Documentary,English | Short (100 mins or less) | 1990-Now
English | Short (100 mins or less) | 1990-Now | Drama,English | Short (100 mins or less) | 1990-Now
English | Short (100 mins or less) | 1990-Now | Fantasy,English | Short (100 mins or less) | 1990-Now
English | Short (100 mins or less) | 1990-Now | History,English | Short (100 mins or less) | 1990-Now
English | Short (100 mins or less) | 1990-Now | Romance,English | Short (100 mins or less) | 1990-Now
Foreign | Average (100-130 mins) | Pre-1950 | Comedy,Foreign | Average (100-130 mins) | Pre-1950
Foreign | Average (100-130 mins) | Pre-1950 | Documentary,Foreign | Average (100-130 mins) | Pre-1950
Foreign | Average (100-130 mins) | Pre-1950 | Drama,Foreign | Average (100-130 mins) | Pre-1950
Foreign | Average (100-130 mins) | Pre-1950 | Fantasy,Foreign | Average (100-130 mins) | Pre-1950
Foreign | Average (100-130 mins) | Pre-1950 | History,Foreign | Average (100-130 mins) | Pre-1950
Foreign | Average (100-130 mins) | Pre-1950 | Prison,Foreign | Average (100-130 mins) | Pre-1950
Foreign | Average (100-130 mins) | Pre-1950 | Romance,Foreign | Average (100-130 mins) | Pre-1950
Foreign | Average (100-130 mins) | Pre-1950 | Thriller,Foreign | Average (100-130 mins) | Pre-1950
Foreign | Average (100-130 mins) | Pre-1950 | War,Foreign | Average (100-130 mins) | Pre-1950
Foreign | Average (100-130 mins) | 1950-1990 | Action,Foreign | Average (100-130 mins) | 1950-1990
Foreign | Average (100-130 mins) | 1950-1990 | Adventure,Foreign | Average (100-130 mins) | 1950-1990
Foreign | Average (100-130 mins) | 1950-1990 | Animated,Foreign | Average (100-130 mins) | 1950-1990
Foreign | Average (100-130 mins) | 1950-1990 | Biography,Foreign | Average (100-130 mins) | 1950-1990
Foreign | Average (100-130 mins) | 1950-1990 | Comedy,Foreign | Average (100-130 mins) | 1950-1990
Foreign | Average (100-130 mins) | 1950-1990 | Crime,Foreign | Average (100-130 mins) | 1950-1990
Foreign | Average (100-130 mins) | 1950-1990 | Documentary,Foreign | Average (100-130 mins) | 1950-1990
Foreign | Average (100-130 mins) | 1950-1990 | Drama,Foreign | Average (100-130 mins) | 1950-1990
Foreign | Average (100-130 mins) | 1950-1990 | Fantasy,Foreign | Average (100-130 mins) | 1950-1990
Foreign | Average (100-130 mins) | 1950-1990 | History,Foreign | Average (100-130 mins) | 1950-1990
Foreign | Average (100-130 mins) | 1950-1990 | Horror,Foreign | Average (100-130 mins) | 1950-1990
Foreign | Average (100-130 mins) | 1950-1990 | Musical,Foreign | Average (100-130 mins) | 1950-1990
Foreign | Average (100-130 mins) | 1950-1990 | Mystery,Foreign | Average (100-130 mins) | 1950-1990
Foreign | Average (100-130 mins) | 1950-1990 | Political,Foreign | Average (100-130 mins) | 1950-1990
Foreign | Average (100-130 mins) | 1950-1990 | Prison,Foreign | Average (100-130 mins) | 1950-1990
Foreign | Average (100-130 mins) | 1950-1990 | Religious,Foreign | Average (100-130 mins) | 1950-1990
Foreign | Average (100-130 mins) | 1950-1990 | Romance,Foreign | Average (100-130 mins) | 1950-1990
Foreign | Average (100-130 mins) | 1950-1990 | Thriller,Foreign | Average (100-130 mins) | 1950-1990
Foreign | Average (100-130 mins) | 1950-1990 | War,Foreign | Average (100-130 mins) | 1950-1990
Foreign | Average (100-130 mins) | 1990-Now | Action,Foreign | Average (100-130 mins) | 1990-Now
Foreign | Average (100-130 mins) | 1990-Now | Adventure,Foreign | Average (100-130 mins) | 1990-Now
Foreign | Average (100-130 mins) | 1990-Now | Animated,Foreign | Average (100-130 mins) | 1990-Now
Foreign | Average (100-130 mins) | 1990-Now | Biography,Foreign | Average (100-130 mins) | 1990-Now
Foreign | Average (100-130 mins) | 1990-Now | Comedy,Foreign | Average (100-130 mins) | 1990-Now
Foreign | Average (100-130 mins) | 1990-Now | Crime,Foreign | Average (100-130 mins) | 1990-Now
Foreign | Average (100-130 mins) | 1990-Now | Documentary,Foreign | Average (100-130 mins) | 1990-Now
Foreign | Average (100-130 mins) | 1990-Now | Drama,Foreign | Average (100-130 mins) | 1990-Now
Foreign | Average (100-130 mins) | 1990-Now | Fantasy,Foreign | Average (100-130 mins) | 1990-Now
Foreign | Average (100-130 mins) | 1990-Now | History,Foreign | Average (100-130 mins) | 1990-Now
Foreign | Average (100-130 mins) | 1990-Now | Horror,Foreign | Average (100-130 mins) | 1990-Now
Foreign | Average (100-130 mins) | 1990-Now | Romance,Foreign | Average (100-130 mins) | 1990-Now
Foreign | Average (100-130 mins) | 1990-Now | Science Fiction,Foreign | Average (100-130 mins) | 1990-Now
Foreign | Average (100-130 mins) | 1990-Now | Thriller,Foreign | Average (100-130 mins) | 1990-Now
Foreign | Long (130+ mins) | Pre-1950 | Crime,Foreign | Long (130+ mins) | Pre-1950
Foreign | Long (130+ mins) | Pre-1950 | Documentary,Foreign | Long (130+ mins) | Pre-1950
Foreign | Long (130+ mins) | Pre-1950 | Drama,Foreign | Long (130+ mins) | Pre-1950
Foreign | Long (130+ mins) | Pre-1950 | Fantasy,Foreign | Long (130+ mins) | Pre-1950
Foreign | Long (130+ mins) | Pre-1950 | History,Foreign | Long (130+ mins) | Pre-1950
Foreign | Long (130+ mins) | Pre-1950 | Romance,Foreign | Long (130+ mins) | Pre-1950
Foreign | Long (130+ mins) | Pre-1950 | Thriller,Foreign | Long (130+ mins) | Pre-1950
Foreign | Long (130+ mins) | Pre-1950 | War,Foreign | Long (130+ mins) | Pre-1950
Foreign | Long (130+ mins) | 1950-1990 | Action,Foreign | Long (130+ mins) | 1950-1990
Foreign | Long (130+ mins) | 1950-1990 | Adventure,Foreign | Long (130+ mins) | 1950-1990
Foreign | Long (130+ mins) | 1950-1990 | Biography,Foreign | Long (130+ mins) | 1950-1990
Foreign | Long (130+ mins) | 1950-1990 | Comedy,Foreign | Long (130+ mins) | 1950-1990
Foreign | Long (130+ mins) | 1950-1990 | Crime,Foreign | Long (130+ mins) | 1950-1990
Foreign | Long (130+ mins) | 1950-1990 | Documentary,Foreign | Long (130+ mins) | 1950-1990
Foreign | Long (130+ mins) | 1950-1990 | Drama,Foreign | Long (130+ mins) | 1950-1990
Foreign | Long (130+ mins) | 1950-1990 | Fantasy,Foreign | Long (130+ mins) | 1950-1990
Foreign | Long (130+ mins) | 1950-1990 | History,Foreign | Long (130+ mins) | 1950-1990
Foreign | Long (130+ mins) | 1950-1990 | Horror,Foreign | Long (130+ mins) | 1950-1990
Foreign | Long (130+ mins) | 1950-1990 | Musical,Foreign | Long (130+ mins) | 1950-1990
Foreign | Long (130+ mins) | 1950-1990 | Mystery,Foreign | Long (130+ mins) | 1950-1990
Foreign | Long (130+ mins) | 1950-1990 | Political,Foreign | Long (130+ mins) | 1950-1990
Foreign | Long (130+ mins) | 1950-1990 | Religious,Foreign | Long (130+ mins) | 1950-1990
Foreign | Long (130+ mins) | 1950-1990 | Romance,Foreign | Long (130+ mins) | 1950-1990
Foreign | Long (130+ mins) | 1950-1990 | Science Fiction,Foreign | Long (130+ mins) | 1950-1990
Foreign | Long (130+ mins) | 1950-1990 | Thriller,Foreign | Long (130+ mins) | 1950-1990
Foreign | Long (130+ mins) | 1950-1990 | War,Foreign | Long (130+ mins) | 1950-1990
Foreign | Long (130+ mins) | 1950-1990 | Western,Foreign | Long (130+ mins) | 1950-1990
Foreign | Long (130+ mins) | 1950-1990 | Avant-Garde,Foreign | Long (130+ mins) | 1950-1990
Foreign | Long (130+ mins) | 1990-Now | Animated,Foreign | Long (130+ mins) | 1990-Now
Foreign | Long (130+ mins) | 1990-Now | Biography,Foreign | Long (130+ mins) | 1990-Now
Foreign | Long (130+ mins) | 1990-Now | Comedy,Foreign | Long (130+ mins) | 1990-Now
Foreign | Long (130+ mins) | 1990-Now | Crime,Foreign | Long (130+ mins) | 1990-Now
Foreign | Long (130+ mins) | 1990-Now | Documentary,Foreign | Long (130+ mins) | 1990-Now
Foreign | Long (130+ mins) | 1990-Now | Drama,Foreign | Long (130+ mins) | 1990-Now
Foreign | Long (130+ mins) | 1990-Now | Fantasy,Foreign | Long (130+ mins) | 1990-Now
Foreign | Long (130+ mins) | 1990-Now | History,Foreign | Long (130+ mins) | 1990-Now
Foreign | Long (130+ mins) | 1990-Now | Musical,Foreign | Long (130+ mins) | 1990-Now
Foreign | Long (130+ mins) | 1990-Now | Romance,Foreign | Long (130+ mins) | 1990-Now
Foreign | Long (130+ mins) | 1990-Now | Science Fiction,Foreign | Long (130+ mins) | 1990-Now
Foreign | Long (130+ mins) | 1990-Now | War,Foreign | Long (130+ mins) | 1990-Now
Foreign | Short (100 mins or less) | Pre-1950 | Animated,Foreign | Short (100 mins or less) | Pre-1950
Foreign | Short (100 mins or less) | Pre-1950 | Comedy,Foreign | Short (100 mins or less) | Pre-1950
Foreign | Short (100 mins or less) | Pre-1950 | Crime,Foreign | Short (100 mins or less) | Pre-1950
Foreign | Short (100 mins or less) | Pre-1950 | Documentary,Foreign | Short (100 mins or less) | Pre-1950
Foreign | Short (100 mins or less) | Pre-1950 | Drama,Foreign | Short (100 mins or less) | Pre-1950
Foreign | Short (100 mins or less) | Pre-1950 | Fantasy,Foreign | Short (100 mins or less) | Pre-1950
Foreign | Short (100 mins or less) | Pre-1950 | History,Foreign | Short (100 mins or less) | Pre-1950
Foreign | Short (100 mins or less) | Pre-1950 | Horror,Foreign | Short (100 mins or less) | Pre-1950
Foreign | Short (100 mins or less) | Pre-1950 | Religious,Foreign | Short (100 mins or less) | Pre-1950
Foreign | Short (100 mins or less) | Pre-1950 | Romance,Foreign | Short (100 mins or less) | Pre-1950
Foreign | Short (100 mins or less) | Pre-1950 | Romantic,Foreign | Short (100 mins or less) | Pre-1950
Foreign | Short (100 mins or less) | Pre-1950 | Science Fiction,Foreign | Short (100 mins or less) | Pre-1950
Foreign | Short (100 mins or less) | Pre-1950 | Thriller,Foreign | Short (100 mins or less) | Pre-1950
Foreign | Short (100 mins or less) | Pre-1950 | War,Foreign | Short (100 mins or less) | Pre-1950
Foreign | Short (100 mins or less) | Pre-1950 | Avant-Garde,Foreign | Short (100 mins or less) | Pre-1950
Foreign | Short (100 mins or less) | 1950-1990 | Animated,Foreign | Short (100 mins or less) | 1950-1990
Foreign | Short (100 mins or less) | 1950-1990 | Biography,Foreign | Short (100 mins or less) | 1950-1990
Foreign | Short (100 mins or less) | 1950-1990 | Comedy,Foreign | Short (100 mins or less) | 1950-1990
Foreign | Short (100 mins or less) | 1950-1990 | Crime,Foreign | Short (100 mins or less) | 1950-1990
Foreign | Short (100 mins or less) | 1950-1990 | Documentary,Foreign | Short (100 mins or less) | 1950-1990
Foreign | Short (100 mins or less) | 1950-1990 | Drama,Foreign | Short (100 mins or less) | 1950-1990
Foreign | Short (100 mins or less) | 1950-1990 | Experimental,Foreign | Short (100 mins or less) | 1950-1990
Foreign | Short (100 mins or less) | 1950-1990 | Fantasy,Foreign | Short (100 mins or less) | 1950-1990
Foreign | Short (100 mins or less) | 1950-1990 | History,Foreign | Short (100 mins or less) | 1950-1990
Foreign | Short (100 mins or less) | 1950-1990 | Horror,Foreign | Short (100 mins or less) | 1950-1990
Foreign | Short (100 mins or less) | 1950-1990 | Musical,Foreign | Short (100 mins or less) | 1950-1990
Foreign | Short (100 mins or less) | 1950-1990 | Mystery,Foreign | Short (100 mins or less) | 1950-1990
Foreign | Short (100 mins or less) | 1950-1990 | Political,Foreign | Short (100 mins or less) | 1950-1990
Foreign | Short (100 mins or less) | 1950-1990 | Religious,Foreign | Short (100 mins or less) | 1950-1990
Foreign | Short (100 mins or less) | 1950-1990 | Romance,Foreign | Short (100 mins or less) | 1950-1990
Foreign | Short (100 mins or less) | 1950-1990 | Science Fiction,Foreign | Short (100 mins or less) | 1950-1990
Foreign | Short (100 mins or less) | 1950-1990 | Thriller,Foreign | Short (100 mins or less) | 1950-1990
Foreign | Short (100 mins or less) | 1950-1990 | War,Foreign | Short (100 mins or less) | 1950-1990
Foreign | Short (100 mins or less) | 1950-1990 | Western,Foreign | Short (100 mins or less) | 1950-1990
Foreign | Short (100 mins or less) | 1950-1990 | Avant-Garde,Foreign | Short (100 mins or less) | 1950-1990
Foreign | Short (100 mins or less) | 1990-Now | Comedy,Foreign | Short (100 mins or less) | 1990-Now
Foreign | Short (100 mins or less) | 1990-Now | Crime,Foreign | Short (100 mins or less) | 1990-Now
Foreign | Short (100 mins or less) | 1990-Now | Documentary,Foreign | Short (100 mins or less) | 1990-Now
Foreign | Short (100 mins or less) | 1990-Now | Drama,Foreign | Short (100 mins or less) | 1990-Now
Foreign | Short (100 mins or less) | 1990-Now | Fantasy,Foreign | Short (100 mins or less) | 1990-Now
Foreign | Short (100 mins or less) | 1990-Now | Mystery,Foreign | Short (100 mins or less) | 1990-Now
Foreign | Short (100 mins or less) | 1990-Now | Romance,Foreign | Short (100 mins or less) | 1990-Now
"Adventures of Robin Hood, The",English | Average (100-130 mins) | Pre-1950 | Adventure
Only Angels Have Wings,English | Average (100-130 mins) | Pre-1950 | Adventure
"Treasure of the Sierra Madre, The",English | Average (100-130 mins) | Pre-1950 | Adventure
Kind Hearts and Coronets,English | Average (100-130 mins) | Pre-1950 | Comedy
Monsieur Verdoux,English | Average (100-130 mins) | Pre-1950 | Crime
Odd Man Out,English | Average (100-130 mins) | Pre-1950 | Crime
White Heat,English | Average (100-130 mins) | Pre-1950 | Crime
"Canterbury Tale, A",English | Average (100-130 mins) | Pre-1950 | Drama
"Crowd, The",English | Average (100-130 mins) | Pre-1950 | Drama
Foolish Wives,English | Average (100-130 mins) | Pre-1950 | Drama
"Grapes of Wrath, The",English | Average (100-130 mins) | Pre-1950 | Drama
How Green Was My Valley,English | Average (100-130 mins) | Pre-1950 | Drama
Mildred Pierce,English | Average (100-130 mins) | Pre-1950 | Drama
Sunset Blvd.,English | Average (100-130 mins) | Pre-1950 | Drama
Fantasia,English | Average (100-130 mins) | Pre-1950 | Fantasy
It's a Wonderful Life,English | Average (100-130 mins) | Pre-1950 | Fantasy
King Kong,English | Average (100-130 mins) | Pre-1950 | Fantasy
"Thief of Bagdad, The",English | Average (100-130 mins) | Pre-1950 | Fantasy
"Scarlet Empress, The",English | Average (100-130 mins) | Pre-1950 | History
Meet Me in St. Louis,English | Average (100-130 mins) | Pre-1950 | Musical
"Wizard of Oz, The",English | Average (100-130 mins) | Pre-1950 | Musical
"Big Sleep, The",English | Average (100-130 mins) | Pre-1950 | Mystery
Citizen Kane,English | Average (100-130 mins) | Pre-1950 | Mystery
Double Indemnity,English | Average (100-130 mins) | Pre-1950 | Mystery
Rebecca,English | Average (100-130 mins) | Pre-1950 | Mystery
Mr. Smith Goes to Washington,English | Average (100-130 mins) | Pre-1950 | Political
Bringing Up Baby,English | Average (100-130 mins) | Pre-1950 | Romance
"Ghost and Mrs. Muir, The",English | Average (100-130 mins) | Pre-1950 | Romance
Great Expectations,English | Average (100-130 mins) | Pre-1950 | Romance
It Happened One Night,English | Average (100-130 mins) | Pre-1950 | Romance
"Matter of Life and Death, A",English | Average (100-130 mins) | Pre-1950 | Romance
Ninotchka,English | Average (100-130 mins) | Pre-1950 | Romance
Notorious,English | Average (100-130 mins) | Pre-1950 | Romance
"Philadelphia Story, The",English | Average (100-130 mins) | Pre-1950 | Romance
Seventh Heaven,English | Average (100-130 mins) | Pre-1950 | Romance
Sunrise,English | Average (100-130 mins) | Pre-1950 | Romance
"Wedding March, The",English | Average (100-130 mins) | Pre-1950 | Romance
"Asphalt Jungle, The",English | Average (100-130 mins) | Pre-1950 | Thriller
Gilda,English | Average (100-130 mins) | Pre-1950 | Thriller
Shadow of a Doubt,English | Average (100-130 mins) | Pre-1950 | Thriller
"Third Man, The",English | Average (100-130 mins) | Pre-1950 | Thriller
Casablanca,English | Average (100-130 mins) | Pre-1950 | War
"Great Dictator, The",English | Average (100-130 mins) | Pre-1950 | War
Duel in the Sun,English | Average (100-130 mins) | Pre-1950 | Western
Fort Apache,English | Average (100-130 mins) | Pre-1950 | Western
She Wore a Yellow Ribbon,English | Average (100-130 mins) | Pre-1950 | Western
"Blues Brothers, The",English | Average (100-130 mins) | 1950-1990 | Action
Deliverance,English | Average (100-130 mins) | 1950-1990 | Adventure
"Man Who Would Be King, The",English | Average (100-130 mins) | 1950-1990 | Adventure
Raiders of the Lost Ark,English | Average (100-130 mins) | 1950-1990 | Adventure
"Elephant Man, The",English | Average (100-130 mins) | 1950-1990 | Biography
American Graffiti,English | Average (100-130 mins) | 1950-1990 | Comedy
"Apartment, The",English | Average (100-130 mins) | 1950-1990 | Comedy
Being There,English | Average (100-130 mins) | 1950-1990 | Comedy
Crimes and Misdemeanors,English | Average (100-130 mins) | 1950-1990 | Comedy
Do the Right Thing,English | Average (100-130 mins) | 1950-1990 | Comedy
Down by Law,English | Average (100-130 mins) | 1950-1990 | Comedy
Ferris Bueller's Day Off,English | Average (100-130 mins) | 1950-1990 | Comedy
Hannah and Her Sisters,English | Average (100-130 mins) | 1950-1990 | Comedy
"King of Comedy, The",English | Average (100-130 mins) | 1950-1990 | Comedy
Local Hero,English | Average (100-130 mins) | 1950-1990 | Comedy
National Lampoon's Animal House,English | Average (100-130 mins) | 1950-1990 | Comedy
"Nutty Professor, The",English | Average (100-130 mins) | 1950-1990 | Comedy
Paper Moon,English | Average (100-130 mins) | 1950-1990 | Comedy
Withnail & I,English | Average (100-130 mins) | 1950-1990 | Comedy
Bonnie and Clyde,English | Average (100-130 mins) | 1950-1990 | Crime
Bring Me the Head of Alfredo Garcia,English | Average (100-130 mins) | 1950-1990 | Crime
Dirty Harry,English | Average (100-130 mins) | 1950-1990 | Crime
Dog Day Afternoon,English | Average (100-130 mins) | 1950-1990 | Crime
"French Connection, The",English | Average (100-130 mins) | 1950-1990 | Crime
Get Carter,English | Average (100-130 mins) | 1950-1990 | Crime
"Killing of a Chinese Bookie, The",English | Average (100-130 mins) | 1950-1990 | Crime
Kiss Me Deadly,English | Average (100-130 mins) | 1950-1990 | Crime
"Long Goodbye, The",English | Average (100-130 mins) | 1950-1990 | Crime
Mean Streets,English | Average (100-130 mins) | 1950-1990 | Crime
Taxi Driver,English | Average (100-130 mins) | 1950-1990 | Crime
Wanda,English | Average (100-130 mins) | 1950-1990 | Crime
"Harlan County, U.S.A.",English | Average (100-130 mins) | 1950-1990 | Documentary
Portrait of Jason,English | Average (100-130 mins) | 1950-1990 | Documentary
3 Women,English | Average (100-130 mins) | 1950-1990 | Drama
Ace in the Hole,English | Average (100-130 mins) | 1950-1990 | Drama
"Bad and the Beautiful, The",English | Average (100-130 mins) | 1950-1990 | Drama
Bad Timing,English | Average (100-130 mins) | 1950-1990 | Drama
"Cook, the Thief, His Wife & Her Lover, The",English | Average (100-130 mins) | 1950-1990 | Drama
East of Eden,English | Average (100-130 mins) | 1950-1990 | Drama
Faces,English | Average (100-130 mins) | 1950-1990 | Drama
If….,English | Average (100-130 mins) | 1950-1990 | Drama
Kes,English | Average (100-130 mins) | 1950-1990 | Drama
"Last Detail, The",English | Average (100-130 mins) | 1950-1990 | Drama
"Last Picture Show, The",English | Average (100-130 mins) | 1950-1990 | Drama
Midnight Cowboy,English | Average (100-130 mins) | 1950-1990 | Drama
Network,English | Average (100-130 mins) | 1950-1990 | Drama
On the Waterfront,English | Average (100-130 mins) | 1950-1990 | Drama
Performance,English | Average (100-130 mins) | 1950-1990 | Drama
Rebel Without a Cause,English | Average (100-130 mins) | 1950-1990 | Drama
Saturday Night Fever,English | Average (100-130 mins) | 1950-1990 | Drama
Scarecrow,English | Average (100-130 mins) | 1950-1990 | Drama
"Servant, The",English | Average (100-130 mins) | 1950-1990 | Drama
Splendor in the Grass,English | Average (100-130 mins) | 1950-1990 | Drama
"Streetcar Named Desire, A",English | Average (100-130 mins) | 1950-1990 | Drama
To Kill a Mockingbird,English | Average (100-130 mins) | 1950-1990 | Drama
Two-Lane Blacktop,English | Average (100-130 mins) | 1950-1990 | Drama
Who's Afraid of Virginia Woolf?,English | Average (100-130 mins) | 1950-1990 | Drama
Zabriskie Point,English | Average (100-130 mins) | 1950-1990 | Drama
"Devils, The",English | Average (100-130 mins) | 1950-1990 | History
"Birds, The",English | Average (100-130 mins) | 1950-1990 | Horror
Dawn of the Dead,English | Average (100-130 mins) | 1950-1990 | Horror
"Exorcist, The",English | Average (100-130 mins) | 1950-1990 | Horror
Jaws,English | Average (100-130 mins) | 1950-1990 | Horror
Repulsion,English | Average (100-130 mins) | 1950-1990 | Horror
Young Frankenstein,English | Average (100-130 mins) | 1950-1990 | Horror
All That Jazz,English | Average (100-130 mins) | 1950-1990 | Musical
"American in Paris, An",English | Average (100-130 mins) | 1950-1990 | Musical
"Band Wagon, The",English | Average (100-130 mins) | 1950-1990 | Musical
Cabaret,English | Average (100-130 mins) | 1950-1990 | Musical
Singin' in the Rain,English | Average (100-130 mins) | 1950-1990 | Musical
Blue Velvet,English | Average (100-130 mins) | 1950-1990 | Mystery
Don't Look Now,English | Average (100-130 mins) | 1950-1990 | Mystery
Picnic at Hanging Rock,English | Average (100-130 mins) | 1950-1990 | Mystery
Shock Corridor,English | Average (100-130 mins) | 1950-1990 | Mystery
"Wicker Man, The",English | Average (100-130 mins) | 1950-1990 | Mystery
"Manchurian Candidate, The",English | Average (100-130 mins) | 1950-1990 | Political
Cool Hand Luke,English | Average (100-130 mins) | 1950-1990 | Prison
"Affair to Remember, An",English | Average (100-130 mins) | 1950-1990 | Romance
"African Queen, The",English | Average (100-130 mins) | 1950-1990 | Romance
Breakfast at Tiffany's,English | Average (100-130 mins) | 1950-1990 | Romance
"Graduate, The",English | Average (100-130 mins) | 1950-1990 | Romance
Imitation of Life,English | Average (100-130 mins) | 1950-1990 | Romance
Marnie,English | Average (100-130 mins) | 1950-1990 | Romance
"Place in the Sun, A",English | Average (100-130 mins) | 1950-1990 | Romance
"Quiet Man, The",English | Average (100-130 mins) | 1950-1990 | Romance
Roman Holiday,English | Average (100-130 mins) | 1950-1990 | Romance
Some Like it Hot,English | Average (100-130 mins) | 1950-1990 | Romance
Strangers When We Meet,English | Average (100-130 mins) | 1950-1990 | Romance
Tootsie,English | Average (100-130 mins) | 1950-1990 | Romance
Alien,English | Average (100-130 mins) | 1950-1990 | Science Fiction
Back to the Future,English | Average (100-130 mins) | 1950-1990 | Science Fiction
Blade Runner,English | Average (100-130 mins) | 1950-1990 | Science Fiction
E.T. The Extra-Terrestrial,English | Average (100-130 mins) | 1950-1990 | Science Fiction
"Empire Strikes Back, The",English | Average (100-130 mins) | 1950-1990 | Science Fiction
Ghostbusters,English | Average (100-130 mins) | 1950-1990 | Science Fiction
Robocop,English | Average (100-130 mins) | 1950-1990 | Science Fiction
Star Wars,English | Average (100-130 mins) | 1950-1990 | Science Fiction
"Terminator, The",English | Average (100-130 mins) | 1950-1990 | Science Fiction
"Thing, The",English | Average (100-130 mins) | 1950-1990 | Science Fiction
"Loneliness of the Long Distance Runner, The",English | Average (100-130 mins) | 1950-1990 | Sport
Raging Bull,English | Average (100-130 mins) | 1950-1990 | Sport
Rocky,English | Average (100-130 mins) | 1950-1990 | Sport
Blow Out,English | Average (100-130 mins) | 1950-1990 | Thriller
"Conversation, The",English | Average (100-130 mins) | 1950-1990 | Thriller
Cul-de-sac,English | Average (100-130 mins) | 1950-1990 | Thriller
Peeping Tom,English | Average (100-130 mins) | 1950-1990 | Thriller
Psycho,English | Average (100-130 mins) | 1950-1990 | Thriller
Rear Window,English | Average (100-130 mins) | 1950-1990 | Thriller
Strangers on a Train,English | Average (100-130 mins) | 1950-1990 | Thriller
Touch of Evil,English | Average (100-130 mins) | 1950-1990 | Thriller
Vertigo,English | Average (100-130 mins) | 1950-1990 | Thriller
Full Metal Jacket,English | Average (100-130 mins) | 1950-1990 | War
M*A*S*H,English | Average (100-130 mins) | 1950-1990 | War
Butch Cassidy and the Sundance Kid,English | Average (100-130 mins) | 1950-1990 | Western
El Dorado,English | Average (100-130 mins) | 1950-1990 | Western
Johnny Guitar,English | Average (100-130 mins) | 1950-1990 | Western
"Lusty Men, The",English | Average (100-130 mins) | 1950-1990 | Western
"Man Who Shot Liberty Valance, The",English | Average (100-130 mins) | 1950-1990 | Western
McCabe & Mrs. Miller,English | Average (100-130 mins) | 1950-1990 | Western
"Misfits, The",English | Average (100-130 mins) | 1950-1990 | Western
Pat Garrett and Billy the Kid,English | Average (100-130 mins) | 1950-1990 | Western
"Searchers, The",English | Average (100-130 mins) | 1950-1990 | Western
Shane,English | Average (100-130 mins) | 1950-1990 | Western
Mad Max: Fury Road,English | Average (100-130 mins) | 1990-Now | Action
American Beauty,English | Average (100-130 mins) | 1990-Now | Comedy
Barton Fink,English | Average (100-130 mins) | 1990-Now | Comedy
"Big Lebowski, The",English | Average (100-130 mins) | 1990-Now | Comedy
Ed Wood,English | Average (100-130 mins) | 1990-Now | Comedy
"Royal Tenenbaums, The",English | Average (100-130 mins) | 1990-Now | Comedy
Sideways,English | Average (100-130 mins) | 1990-Now | Comedy
Thelma & Louise,English | Average (100-130 mins) | 1990-Now | Comedy
Kill Bill Vol. 1,English | Average (100-130 mins) | 1990-Now | Crime
Miller's Crossing,English | Average (100-130 mins) | 1990-Now | Crime
No Country for Old Men,English | Average (100-130 mins) | 1990-Now | Crime
Crumb,English | Average (100-130 mins) | 1990-Now | Documentary
Grizzly Man,English | Average (100-130 mins) | 1990-Now | Documentary
My Own Private Idaho,English | Average (100-130 mins) | 1990-Now | Drama
Naked,English | Average (100-130 mins) | 1990-Now | Drama
Safe,English | Average (100-130 mins) | 1990-Now | Drama
"Synecdoche, New York",English | Average (100-130 mins) | 1990-Now | Drama
Moulin Rouge!,English | Average (100-130 mins) | 1990-Now | Musical
Before Sunrise,English | Average (100-130 mins) | 1990-Now | Romance
Eternal Sunshine of the Spotless Mind,English | Average (100-130 mins) | 1990-Now | Romance
Groundhog Day,English | Average (100-130 mins) | 1990-Now | Romance
Lost in Translation,English | Average (100-130 mins) | 1990-Now | Romance
Wild at Heart,English | Average (100-130 mins) | 1990-Now | Romance
Children of Men,English | Average (100-130 mins) | 1990-Now | Science Fiction
Jurassic Park,English | Average (100-130 mins) | 1990-Now | Science Fiction
Starship Troopers,English | Average (100-130 mins) | 1990-Now | Science Fiction
Funny Games,English | Average (100-130 mins) | 1990-Now | Thriller
Memento,English | Average (100-130 mins) | 1990-Now | Thriller
Point Break,English | Average (100-130 mins) | 1990-Now | Thriller
Se7en,English | Average (100-130 mins) | 1990-Now | Thriller
"Silence of the Lambs, The",English | Average (100-130 mins) | 1990-Now | Thriller
"Usual Suspects, The",English | Average (100-130 mins) | 1990-Now | Thriller
Dead Man,English | Average (100-130 mins) | 1990-Now | Western
Unforgiven,English | Average (100-130 mins) | 1990-Now | Western
"Red Shoes, The",English | Long (130+ mins) | Pre-1950 | Dance
All About Eve,English | Long (130+ mins) | Pre-1950 | Drama
Greed,English | Long (130+ mins) | Pre-1950 | Drama
Gone with the Wind,English | Long (130+ mins) | Pre-1950 | History
Intolerance,English | Long (130+ mins) | Pre-1950 | History
All Quiet on the Western Front,English | Long (130+ mins) | Pre-1950 | War
"Best Years of Our Lives, The",English | Long (130+ mins) | Pre-1950 | War
"Birth of a Nation, The",English | Long (130+ mins) | Pre-1950 | War
Henry V,English | Long (130+ mins) | Pre-1950 | War
"Life and Death of Colonel Blimp, The",English | Long (130+ mins) | Pre-1950 | War
They Were Expendable,English | Long (130+ mins) | Pre-1950 | War
Red River,English | Long (130+ mins) | Pre-1950 | Western
Spartacus,English | Long (130+ mins) | 1950-1990 | Adventure
"Right Stuff, The",English | Long (130+ mins) | 1950-1990 | Biography
Limelight,English | Long (130+ mins) | 1950-1990 | Comedy
"Godfather Part II, The",English | Long (130+ mins) | 1950-1990 | Crime
"Godfather, The",English | Long (130+ mins) | 1950-1990 | Crime
Scarface,English | Long (130+ mins) | 1950-1990 | Crime
"Diaries, Notes and Sketches",English | Long (130+ mins) | 1950-1990 | Documentary
Hôtel Terminus,English | Long (130+ mins) | 1950-1990 | Documentary
Sherman's March,English | Long (130+ mins) | 1950-1990 | Documentary
Anatomy of a Murder,English | Long (130+ mins) | 1950-1990 | Drama
Barry Lyndon,English | Long (130+ mins) | 1950-1990 | Drama
Hatari!,English | Long (130+ mins) | 1950-1990 | Drama
Husbands,English | Long (130+ mins) | 1950-1990 | Drama
Lolita,English | Long (130+ mins) | 1950-1990 | Drama
Love Streams,English | Long (130+ mins) | 1950-1990 | Drama
Nashville,English | Long (130+ mins) | 1950-1990 | Drama
One Flew Over the Cuckoo's Nest,English | Long (130+ mins) | 1950-1990 | Drama
Opening Night,English | Long (130+ mins) | 1950-1990 | Drama
"Paris, Texas",English | Long (130+ mins) | 1950-1990 | Drama
Some Came Running,English | Long (130+ mins) | 1950-1990 | Drama
"Woman Under the Influence, A",English | Long (130+ mins) | 1950-1990 | Drama
Excalibur,English | Long (130+ mins) | 1950-1990 | Fantasy
O Lucky Man!,English | Long (130+ mins) | 1950-1990 | Fantasy
Ben-Hur,English | Long (130+ mins) | 1950-1990 | History
Reds,English | Long (130+ mins) | 1950-1990 | History
"Shining, The",English | Long (130+ mins) | 1950-1990 | Horror
Amadeus,English | Long (130+ mins) | 1950-1990 | Musical
Mary Poppins,English | Long (130+ mins) | 1950-1990 | Musical
"New York, New York",English | Long (130+ mins) | 1950-1990 | Musical
"Sound of Music, The",English | Long (130+ mins) | 1950-1990 | Musical
"Star is Born, A",English | Long (130+ mins) | 1950-1990 | Musical
Chinatown,English | Long (130+ mins) | 1950-1990 | Mystery
All the President's Men,English | Long (130+ mins) | 1950-1990 | Political
"Last Temptation of Christ, The",English | Long (130+ mins) | 1950-1990 | Religious
Broadcast News,English | Long (130+ mins) | 1950-1990 | Romance
West Side Story,English | Long (130+ mins) | 1950-1990 | Romance
2001: A Space Odyssey,English | Long (130+ mins) | 1950-1990 | Science Fiction
Aliens,English | Long (130+ mins) | 1950-1990 | Science Fiction
Brazil,English | Long (130+ mins) | 1950-1990 | Science Fiction
"Clockwork Orange, A",English | Long (130+ mins) | 1950-1990 | Science Fiction
Close Encounters of the Third Kind,English | Long (130+ mins) | 1950-1990 | Science Fiction
"Man Who Fell to Earth, The",English | Long (130+ mins) | 1950-1990 | Science Fiction
Superman,English | Long (130+ mins) | 1950-1990 | Science Fiction
"Hustler, The",English | Long (130+ mins) | 1950-1990 | Sport
Die Hard,English | Long (130+ mins) | 1950-1990 | Thriller
North by Northwest,English | Long (130+ mins) | 1950-1990 | Thriller
Rosemary's Baby,English | Long (130+ mins) | 1950-1990 | Thriller
Apocalypse Now,English | Long (130+ mins) | 1950-1990 | War
"Bridge on the River Kwai, The",English | Long (130+ mins) | 1950-1990 | War
"Deer Hunter, The",English | Long (130+ mins) | 1950-1990 | War
Doctor Zhivago,English | Long (130+ mins) | 1950-1990 | War
"Great Escape, The",English | Long (130+ mins) | 1950-1990 | War
Lawrence of Arabia,English | Long (130+ mins) | 1950-1990 | War
Heaven's Gate,English | Long (130+ mins) | 1950-1990 | Western
"Outlaw Josey Wales, The",English | Long (130+ mins) | 1950-1990 | Western
Rio Bravo,English | Long (130+ mins) | 1950-1990 | Western
"Wild Bunch, The",English | Long (130+ mins) | 1950-1990 | Western
Chelsea Girls,English | Long (130+ mins) | 1950-1990 | Avant-Garde
Avatar,English | Long (130+ mins) | 1990-Now | Action
"Dark Knight, The",English | Long (130+ mins) | 1990-Now | Action
Inglourious Basterds,English | Long (130+ mins) | 1990-Now | Action
Forrest Gump,English | Long (130+ mins) | 1990-Now | Comedy
Secrets & Lies,English | Long (130+ mins) | 1990-Now | Comedy
Casino,English | Long (130+ mins) | 1990-Now | Crime
GoodFellas,English | Long (130+ mins) | 1990-Now | Crime
Pulp Fiction,English | Long (130+ mins) | 1990-Now | Crime
Zodiac,English | Long (130+ mins) | 1990-Now | Crime
As I Was Moving Ahead Occasionally I Saw Brief Glimpses of Beauty,English | Long (130+ mins) | 1990-Now | Documentary
Hoop Dreams,English | Long (130+ mins) | 1990-Now | Documentary
Boogie Nights,English | Long (130+ mins) | 1990-Now | Drama
Fight Club,English | Long (130+ mins) | 1990-Now | Drama
Magnolia,English | Long (130+ mins) | 1990-Now | Drama
Million Dollar Baby,English | Long (130+ mins) | 1990-Now | Drama
Short Cuts,English | Long (130+ mins) | 1990-Now | Drama
There Will Be Blood,English | Long (130+ mins) | 1990-Now | Drama
"Tree of Life, The",English | Long (130+ mins) | 1990-Now | Drama
JFK,English | Long (130+ mins) | 1990-Now | History
"New World, The",English | Long (130+ mins) | 1990-Now | History
Twin Peaks: Fire Walk with Me,English | Long (130+ mins) | 1990-Now | Horror
Topsy-Turvy,English | Long (130+ mins) | 1990-Now | Musical
Inland Empire,English | Long (130+ mins) | 1990-Now | Mystery
Lost Highway,English | Long (130+ mins) | 1990-Now | Mystery
Mulholland Dr.,English | Long (130+ mins) | 1990-Now | Mystery
"Shawshank Redemption, The",English | Long (130+ mins) | 1990-Now | Prison
"Age of Innocence, The",English | Long (130+ mins) | 1990-Now | Romance
"Bridges of Madison County, The",English | Long (130+ mins) | 1990-Now | Romance
Brokeback Mountain,English | Long (130+ mins) | 1990-Now | Romance
Titanic,English | Long (130+ mins) | 1990-Now | Romance
A.I. Artificial Intelligence,English | Long (130+ mins) | 1990-Now | Science Fiction
"Matrix, The",English | Long (130+ mins) | 1990-Now | Science Fiction
Terminator 2: Judgment Day,English | Long (130+ mins) | 1990-Now | Science Fiction
Eyes Wide Shut,English | Long (130+ mins) | 1990-Now | Thriller
Heat,English | Long (130+ mins) | 1990-Now | Thriller
L.A. Confidential,English | Long (130+ mins) | 1990-Now | Thriller
Saving Private Ryan,English | Long (130+ mins) | 1990-Now | War
Schindler's List,English | Long (130+ mins) | 1990-Now | War
"Thin Red Line, The",English | Long (130+ mins) | 1990-Now | War
Shanghai Express,English | Short (100 mins or less) | Pre-1950 | Adventure
Bambi,English | Short (100 mins or less) | Pre-1950 | Animated
Snow White and the Seven Dwarfs,English | Short (100 mins or less) | Pre-1950 | Animated
"Circus, The",English | Short (100 mins or less) | Pre-1950 | Comedy
Duck Soup,English | Short (100 mins or less) | Pre-1950 | Comedy
"General, The",English | Short (100 mins or less) | Pre-1950 | Comedy
"Gold Rush, The",English | Short (100 mins or less) | Pre-1950 | Comedy
Hellzapoppin',English | Short (100 mins or less) | Pre-1950 | Comedy
Holiday,English | Short (100 mins or less) | Pre-1950 | Comedy
It's a Gift,English | Short (100 mins or less) | Pre-1950 | Comedy
"Kid, The",English | Short (100 mins or less) | Pre-1950 | Comedy
"Miracle of Morgan's Creek, The",English | Short (100 mins or less) | Pre-1950 | Comedy
Modern Times,English | Short (100 mins or less) | Pre-1950 | Comedy
"Navigator, The",English | Short (100 mins or less) | Pre-1950 | Comedy
Our Hospitality,English | Short (100 mins or less) | Pre-1950 | Comedy
Detour,English | Short (100 mins or less) | Pre-1950 | Crime
Gun Crazy,English | Short (100 mins or less) | Pre-1950 | Crime
"Reckless Moment, The",English | Short (100 mins or less) | Pre-1950 | Crime
Scarface,English | Short (100 mins or less) | Pre-1950 | Crime
They Live by Night,English | Short (100 mins or less) | Pre-1950 | Crime
"Diary for Timothy, A",English | Short (100 mins or less) | Pre-1950 | Documentary
Fires Were Started,English | Short (100 mins or less) | Pre-1950 | Documentary
Listen to Britain,English | Short (100 mins or less) | Pre-1950 | Documentary
Man of Aran,English | Short (100 mins or less) | Pre-1950 | Documentary
Nanook of the North,English | Short (100 mins or less) | Pre-1950 | Documentary
"Magnificent Ambersons, The",English | Short (100 mins or less) | Pre-1950 | Drama
Make Way for Tomorrow,English | Short (100 mins or less) | Pre-1950 | Drama
"Wind, The",English | Short (100 mins or less) | Pre-1950 | Drama
Pinocchio,English | Short (100 mins or less) | Pre-1950 | Fantasy
Sherlock Jr.,English | Short (100 mins or less) | Pre-1950 | Fantasy
Bride of Frankenstein,English | Short (100 mins or less) | Pre-1950 | Horror
Frankenstein,English | Short (100 mins or less) | Pre-1950 | Horror
Freaks,English | Short (100 mins or less) | Pre-1950 | Horror
I Walked with a Zombie,English | Short (100 mins or less) | Pre-1950 | Horror
42nd Street,English | Short (100 mins or less) | Pre-1950 | Musical
Dumbo,English | Short (100 mins or less) | Pre-1950 | Musical
Love Me Tonight,English | Short (100 mins or less) | Pre-1950 | Musical
On the Town,English | Short (100 mins or less) | Pre-1950 | Musical
In a Lonely Place,English | Short (100 mins or less) | Pre-1950 | Mystery
"Lady from Shanghai, The",English | Short (100 mins or less) | Pre-1950 | Mystery
Laura,English | Short (100 mins or less) | Pre-1950 | Mystery
"Maltese Falcon, The",English | Short (100 mins or less) | Pre-1950 | Mystery
Young Mr. Lincoln,English | Short (100 mins or less) | Pre-1950 | Political
Black Narcissus,English | Short (100 mins or less) | Pre-1950 | Religious
"Awful Truth, The",English | Short (100 mins or less) | Pre-1950 | Romance
Brief Encounter,English | Short (100 mins or less) | Pre-1950 | Romance
Broken Blossoms,English | Short (100 mins or less) | Pre-1950 | Romance
"Cameraman, The",English | Short (100 mins or less) | Pre-1950 | Romance
City Lights,English | Short (100 mins or less) | Pre-1950 | Romance
Design for Living,English | Short (100 mins or less) | Pre-1950 | Romance
His Girl Friday,English | Short (100 mins or less) | Pre-1950 | Romance
I Know Where I'm Going!,English | Short (100 mins or less) | Pre-1950 | Romance
"Lady Eve, The",English | Short (100 mins or less) | Pre-1950 | Romance
Letter from an Unknown Woman,English | Short (100 mins or less) | Pre-1950 | Romance
"Night at the Opera, A",English | Short (100 mins or less) | Pre-1950 | Romance
"Palm Beach Story, The",English | Short (100 mins or less) | Pre-1950 | Romance
Seven Chances,English | Short (100 mins or less) | Pre-1950 | Romance
"Shop Around the Corner, The",English | Short (100 mins or less) | Pre-1950 | Romance
"Steamboat Bill, Jr.",English | Short (100 mins or less) | Pre-1950 | Romance
Sullivan's Travels,English | Short (100 mins or less) | Pre-1950 | Romance
Tabu,English | Short (100 mins or less) | Pre-1950 | Romance
To Have and Have Not,English | Short (100 mins or less) | Pre-1950 | Romance
Top Hat,English | Short (100 mins or less) | Pre-1950 | Romance
Trouble in Paradise,English | Short (100 mins or less) | Pre-1950 | Romance
"Woman of Paris, A",English | Short (100 mins or less) | Pre-1950 | Romance
"39 Steps, The",English | Short (100 mins or less) | Pre-1950 | Spy
"Lady Vanishes, The",English | Short (100 mins or less) | Pre-1950 | Spy
Cat People,English | Short (100 mins or less) | Pre-1950 | Thriller
Out of the Past,English | Short (100 mins or less) | Pre-1950 | Thriller
Rope,English | Short (100 mins or less) | Pre-1950 | Thriller
Morocco,English | Short (100 mins or less) | Pre-1950 | War
To Be or Not to Be,English | Short (100 mins or less) | Pre-1950 | War
My Darling Clementine,English | Short (100 mins or less) | Pre-1950 | Western
Stagecoach,English | Short (100 mins or less) | Pre-1950 | Western
Wagon Master,English | Short (100 mins or less) | Pre-1950 | Western
Meshes of the Afternoon,English | Short (100 mins or less) | Pre-1950 | Avant-Garde
Assault on Precinct 13,English | Short (100 mins or less) | 1950-1990 | Action
Moonfleet,English | Short (100 mins or less) | 1950-1990 | Adventure
Walkabout,English | Short (100 mins or less) | 1950-1990 | Adventure
Airplane!,English | Short (100 mins or less) | 1950-1990 | Comedy
"Breakfast Club, The",English | Short (100 mins or less) | 1950-1990 | Comedy
Deep End,English | Short (100 mins or less) | 1950-1990 | Comedy
"Faster, Pussycat! Kill! Kill!",English | Short (100 mins or less) | 1950-1990 | Comedy
Harold and Maude,English | Short (100 mins or less) | 1950-1990 | Comedy
"Ladies Man, The",English | Short (100 mins or less) | 1950-1990 | Comedy
Monty Python's Life of Brian,English | Short (100 mins or less) | 1950-1990 | Comedy
"Party, The",English | Short (100 mins or less) | 1950-1990 | Comedy
Pink Flamingos,English | Short (100 mins or less) | 1950-1990 | Comedy
"Princess Bride, The",English | Short (100 mins or less) | 1950-1990 | Comedy
"Producers, The",English | Short (100 mins or less) | 1950-1990 | Comedy
Raising Arizona,English | Short (100 mins or less) | 1950-1990 | Comedy
Stand by Me,English | Short (100 mins or less) | 1950-1990 | Comedy
Stranger Than Paradise,English | Short (100 mins or less) | 1950-1990 | Comedy
"Sun Shines Bright, The",English | Short (100 mins or less) | 1950-1990 | Comedy
This is Spinal Tap,English | Short (100 mins or less) | 1950-1990 | Comedy
Zelig,English | Short (100 mins or less) | 1950-1990 | Comedy
Badlands,English | Short (100 mins or less) | 1950-1990 | Crime
"Big Heat, The",English | Short (100 mins or less) | 1950-1990 | Crime
Female Trouble,English | Short (100 mins or less) | 1950-1990 | Crime
"Killing, The",English | Short (100 mins or less) | 1950-1990 | Crime
"Ladykillers, The",English | Short (100 mins or less) | 1950-1990 | Crime
Don't Look Back,English | Short (100 mins or less) | 1950-1990 | Documentary
Gimme Shelter,English | Short (100 mins or less) | 1950-1990 | Documentary
Grey Gardens,English | Short (100 mins or less) | 1950-1990 | Documentary
Koyaanisqatsi,English | Short (100 mins or less) | 1950-1990 | Documentary
Salesman,English | Short (100 mins or less) | 1950-1990 | Documentary
"Thin Blue Line, The",English | Short (100 mins or less) | 1950-1990 | Documentary
Titicut Follies,English | Short (100 mins or less) | 1950-1990 | Documentary
12 Angry Men,English | Short (100 mins or less) | 1950-1990 | Drama
Bigger Than Life,English | Short (100 mins or less) | 1950-1990 | Drama
"Dead, The",English | Short (100 mins or less) | 1950-1990 | Drama
"Distant Voices, Still Lives",English | Short (100 mins or less) | 1950-1990 | Drama
Dog Star Man,English | Short (100 mins or less) | 1950-1990 | Drama
Easy Rider,English | Short (100 mins or less) | 1950-1990 | Drama
Five Easy Pieces,English | Short (100 mins or less) | 1950-1990 | Drama
Flaming Creatures,English | Short (100 mins or less) | 1950-1990 | Drama
Killer of Sheep,English | Short (100 mins or less) | 1950-1990 | Drama
Shadows,English | Short (100 mins or less) | 1950-1990 | Drama
Sweet Smell of Success,English | Short (100 mins or less) | 1950-1990 | Drama
Written on the Wind,English | Short (100 mins or less) | 1950-1990 | Drama
"Purple Rose of Cairo, The",English | Short (100 mins or less) | 1950-1990 | Fantasy
Monty Python and the Holy Grail,English | Short (100 mins or less) | 1950-1990 | History
Seven Women,English | Short (100 mins or less) | 1950-1990 | History
Carnival of Souls,English | Short (100 mins or less) | 1950-1990 | Horror
Carrie,English | Short (100 mins or less) | 1950-1990 | Horror
Dracula,English | Short (100 mins or less) | 1950-1990 | Horror
Eraserhead,English | Short (100 mins or less) | 1950-1990 | Horror
Evil Dead II,English | Short (100 mins or less) | 1950-1990 | Horror
"Fly, The",English | Short (100 mins or less) | 1950-1990 | Horror
Halloween,English | Short (100 mins or less) | 1950-1990 | Horror
"Innocents, The",English | Short (100 mins or less) | 1950-1990 | Horror
Near Dark,English | Short (100 mins or less) | 1950-1990 | Horror
Night of the Demon,English | Short (100 mins or less) | 1950-1990 | Horror
Night of the Living Dead,English | Short (100 mins or less) | 1950-1990 | Horror
"Hard Day's Night, A",English | Short (100 mins or less) | 1950-1990 | Musical
Phantom of the Paradise,English | Short (100 mins or less) | 1950-1990 | Musical
All That Heaven Allows,English | Short (100 mins or less) | 1950-1990 | Romance
Annie Hall,English | Short (100 mins or less) | 1950-1990 | Romance
Days of Heaven,English | Short (100 mins or less) | 1950-1990 | Romance
Gentlemen Prefer Blondes,English | Short (100 mins or less) | 1950-1990 | Romance
Gregory's Girl,English | Short (100 mins or less) | 1950-1990 | Romance
Manhattan,English | Short (100 mins or less) | 1950-1990 | Romance
Saturday Night and Sunday Morning,English | Short (100 mins or less) | 1950-1990 | Romance
When Harry Met Sally...,English | Short (100 mins or less) | 1950-1990 | Romance
"Day the Earth Stood Still, The",English | Short (100 mins or less) | 1950-1990 | Science Fiction
Forbidden Planet,English | Short (100 mins or less) | 1950-1990 | Science Fiction
"Incredible Shrinking Man, The",English | Short (100 mins or less) | 1950-1990 | Science Fiction
Invasion of the Body Snatchers,English | Short (100 mins or less) | 1950-1990 | Science Fiction
Mad Max 2,English | Short (100 mins or less) | 1950-1990 | Science Fiction
They Live,English | Short (100 mins or less) | 1950-1990 | Science Fiction
"Thing from Another World, The",English | Short (100 mins or less) | 1950-1990 | Science Fiction
Fat City,English | Short (100 mins or less) | 1950-1990 | Sport
Pickup on South Street,English | Short (100 mins or less) | 1950-1990 | Spy
Blood Simple,English | Short (100 mins or less) | 1950-1990 | Thriller
Enter the Dragon,English | Short (100 mins or less) | 1950-1990 | Thriller
"Night of the Hunter, The",English | Short (100 mins or less) | 1950-1990 | Thriller
Point Blank,English | Short (100 mins or less) | 1950-1990 | Thriller
"Texas Chainsaw Massacre, The",English | Short (100 mins or less) | 1950-1990 | Thriller
Dr. Strangelove or: How I Learned to Stop Worrying and Love the Bomb,English | Short (100 mins or less) | 1950-1990 | War
Love and Death,English | Short (100 mins or less) | 1950-1990 | War
Paths of Glory,English | Short (100 mins or less) | 1950-1990 | War
Blazing Saddles,English | Short (100 mins or less) | 1950-1990 | Western
High Noon,English | Short (100 mins or less) | 1950-1990 | Western
Man of the West,English | Short (100 mins or less) | 1950-1990 | Western
Ride the High Country,English | Short (100 mins or less) | 1950-1990 | Western
Scorpio Rising,English | Short (100 mins or less) | 1950-1990 | Avant-Garde
Outer Space,English | Short (100 mins or less) | 1990-Now | Animated
WALL-E,English | Short (100 mins or less) | 1990-Now | Animated
Rushmore,English | Short (100 mins or less) | 1990-Now | Comedy
Trainspotting,English | Short (100 mins or less) | 1990-Now | Comedy
Fargo,English | Short (100 mins or less) | 1990-Now | Crime
"History of Violence, A",English | Short (100 mins or less) | 1990-Now | Crime
Reservoir Dogs,English | Short (100 mins or less) | 1990-Now | Crime
Blue,English | Short (100 mins or less) | 1990-Now | Documentary
Bad Lieutenant,English | Short (100 mins or less) | 1990-Now | Drama
Dazed and Confused,English | Short (100 mins or less) | 1990-Now | Drama
Elephant,English | Short (100 mins or less) | 1990-Now | Drama
Gummo,English | Short (100 mins or less) | 1990-Now | Drama
"Long Day Closes, The",English | Short (100 mins or less) | 1990-Now | Drama
Requiem for a Dream,English | Short (100 mins or less) | 1990-Now | Drama
Toy Story,English | Short (100 mins or less) | 1990-Now | Fantasy
Hunger,English | Short (100 mins or less) | 1990-Now | History
Orlando,English | Short (100 mins or less) | 1990-Now | History
Before Sunset,English | Short (100 mins or less) | 1990-Now | Romance
Edward Scissorhands,English | Short (100 mins or less) | 1990-Now | Romance
Punch-Drunk Love,English | Short (100 mins or less) | 1990-Now | Romance
"Rules of the Game, The",Foreign | Average (100-130 mins) | Pre-1950 | Comedy
Triumph of the Will,Foreign | Average (100-130 mins) | Pre-1950 | Documentary
"Blue Angel, The",Foreign | Average (100-130 mins) | Pre-1950 | Drama
Day of Wrath,Foreign | Average (100-130 mins) | Pre-1950 | Drama
Limite,Foreign | Average (100-130 mins) | Pre-1950 | Drama
Stromboli,Foreign | Average (100-130 mins) | Pre-1950 | Drama
Faust,Foreign | Average (100-130 mins) | Pre-1950 | Fantasy
October,Foreign | Average (100-130 mins) | Pre-1950 | History
"Passion of Joan of Arc, The",Foreign | Average (100-130 mins) | Pre-1950 | History
"Grande illusion, La",Foreign | Average (100-130 mins) | Pre-1950 | Prison
Late Spring,Foreign | Average (100-130 mins) | Pre-1950 | Romance
"Testament of Dr. Mabuse, The",Foreign | Average (100-130 mins) | Pre-1950 | Thriller
Alexander Nevsky,Foreign | Average (100-130 mins) | Pre-1950 | War
Paisan,Foreign | Average (100-130 mins) | Pre-1950 | War
"Rome, Open City",Foreign | Average (100-130 mins) | Pre-1950 | War
Yojimbo,Foreign | Average (100-130 mins) | 1950-1990 | Action
"Holy Mountain, The",Foreign | Average (100-130 mins) | 1950-1990 | Adventure
Akira,Foreign | Average (100-130 mins) | 1950-1990 | Animated
"Enigma of Kaspar Hauser, The",Foreign | Average (100-130 mins) | 1950-1990 | Biography
Lola Montès,Foreign | Average (100-130 mins) | 1950-1990 | Biography
"Mirror, The",Foreign | Average (100-130 mins) | 1950-1990 | Biography
Amarcord,Foreign | Average (100-130 mins) | 1950-1990 | Comedy
Cinema Paradiso,Foreign | Average (100-130 mins) | 1950-1990 | Comedy
Day for Night,Foreign | Average (100-130 mins) | 1950-1990 | Comedy
Fellini's Roma,Foreign | Average (100-130 mins) | 1950-1990 | Comedy
Mon oncle,Foreign | Average (100-130 mins) | 1950-1990 | Comedy
Mon oncle d'Amérique,Foreign | Average (100-130 mins) | 1950-1990 | Comedy
My Life as a Dog,Foreign | Average (100-130 mins) | 1950-1990 | Comedy
"Phantom of Liberty, The",Foreign | Average (100-130 mins) | 1950-1990 | Comedy
Playtime,Foreign | Average (100-130 mins) | 1950-1990 | Comedy
Stroszek,Foreign | Average (100-130 mins) | 1950-1990 | Comedy
We All Loved Each Other So Much,Foreign | Average (100-130 mins) | 1950-1990 | Comedy
Xala,Foreign | Average (100-130 mins) | 1950-1990 | Comedy
Cría cuervos,Foreign | Average (100-130 mins) | 1950-1990 | Crime
Rififi,Foreign | Average (100-130 mins) | 1950-1990 | Crime
"Emperor's Naked Army Marches On, The",Foreign | Average (100-130 mins) | 1950-1990 | Documentary
Twenty Years Later,Foreign | Average (100-130 mins) | 1950-1990 | Documentary
À nos amours,Foreign | Average (100-130 mins) | 1950-1990 | Drama
Accattone,Foreign | Average (100-130 mins) | 1950-1990 | Drama
Alice in the Cities,Foreign | Average (100-130 mins) | 1950-1990 | Drama
Aparajito,Foreign | Average (100-130 mins) | 1950-1990 | Drama
"Autumn Afternoon, An",Foreign | Average (100-130 mins) | 1950-1990 | Drama
"Ballad of Narayama, The",Foreign | Average (100-130 mins) | 1950-1990 | Drama
Barren Lives,Foreign | Average (100-130 mins) | 1950-1990 | Drama
"Bitter Tears of Petra von Kant, The",Foreign | Average (100-130 mins) | 1950-1990 | Drama
Contempt,Foreign | Average (100-130 mins) | 1950-1990 | Drama
Cries and Whispers,Foreign | Average (100-130 mins) | 1950-1990 | Drama
Death in Venice,Foreign | Average (100-130 mins) | 1950-1990 | Drama
"End of Summer, The",Foreign | Average (100-130 mins) | 1950-1990 | Drama
Europa '51,Foreign | Average (100-130 mins) | 1950-1990 | Drama
Floating Weeds,Foreign | Average (100-130 mins) | 1950-1990 | Drama
Gertrud,Foreign | Average (100-130 mins) | 1950-1990 | Drama
"Grido, Il",Foreign | Average (100-130 mins) | 1950-1990 | Drama
In a Year with 13 Moons,Foreign | Average (100-130 mins) | 1950-1990 | Drama
India Song,Foreign | Average (100-130 mins) | 1950-1990 | Drama
Landscape in the Mist,Foreign | Average (100-130 mins) | 1950-1990 | Drama
Mamma Roma,Foreign | Average (100-130 mins) | 1950-1990 | Drama
Masculin Feminin,Foreign | Average (100-130 mins) | 1950-1990 | Drama
Muriel,Foreign | Average (100-130 mins) | 1950-1990 | Drama
My Little Loves,Foreign | Average (100-130 mins) | 1950-1990 | Drama
Nights of Cabiria,Foreign | Average (100-130 mins) | 1950-1990 | Drama
Nostalghia,Foreign | Average (100-130 mins) | 1950-1990 | Drama
"Notte, La",Foreign | Average (100-130 mins) | 1950-1990 | Drama
"Passenger, The",Foreign | Average (100-130 mins) | 1950-1990 | Drama
Pather Panchali,Foreign | Average (100-130 mins) | 1950-1990 | Drama
Providence,Foreign | Average (100-130 mins) | 1950-1990 | Drama
Red Desert,Foreign | Average (100-130 mins) | 1950-1990 | Drama
Sansho the Bailiff,Foreign | Average (100-130 mins) | 1950-1990 | Drama
"Strada, La",Foreign | Average (100-130 mins) | 1950-1990 | Drama
Taipei Story,Foreign | Average (100-130 mins) | 1950-1990 | Drama
That Obscure Object of Desire,Foreign | Average (100-130 mins) | 1950-1990 | Drama
Two English Girls,Foreign | Average (100-130 mins) | 1950-1990 | Drama
Vagabond,Foreign | Average (100-130 mins) | 1950-1990 | Drama
Veronika Voss,Foreign | Average (100-130 mins) | 1950-1990 | Drama
"Vitelloni, I",Foreign | Average (100-130 mins) | 1950-1990 | Drama
Week-End,Foreign | Average (100-130 mins) | 1950-1990 | Drama
Woman in the Dunes,Foreign | Average (100-130 mins) | 1950-1990 | Drama
"World of Apu, The",Foreign | Average (100-130 mins) | 1950-1990 | Drama
Yol,Foreign | Average (100-130 mins) | 1950-1990 | Drama
Arabian Nights,Foreign | Average (100-130 mins) | 1950-1990 | Fantasy
"Trial, The",Foreign | Average (100-130 mins) | 1950-1990 | Fantasy
Wings of Desire,Foreign | Average (100-130 mins) | 1950-1990 | Fantasy
Yeelen,Foreign | Average (100-130 mins) | 1950-1990 | Fantasy
Fellini Satyricon,Foreign | Average (100-130 mins) | 1950-1990 | History
Salvatore Giuliano,Foreign | Average (100-130 mins) | 1950-1990 | History
Arrebato,Foreign | Average (100-130 mins) | 1950-1990 | Horror
Possession,Foreign | Average (100-130 mins) | 1950-1990 | Horror
"Salò, or the 120 Days of Sodom",Foreign | Average (100-130 mins) | 1950-1990 | Horror
"Tenant, The",Foreign | Average (100-130 mins) | 1950-1990 | Horror
"Cloud-Capped Star, The",Foreign | Average (100-130 mins) | 1950-1990 | Musical
"Young Girls of Rochefort, The",Foreign | Average (100-130 mins) | 1950-1990 | Musical
Blow-Up,Foreign | Average (100-130 mins) | 1950-1990 | Mystery
"Black God, White Devil",Foreign | Average (100-130 mins) | 1950-1990 | Political
"Conformist, The",Foreign | Average (100-130 mins) | 1950-1990 | Political
Terra em Transe,Foreign | Average (100-130 mins) | 1950-1990 | Political
Z,Foreign | Average (100-130 mins) | 1950-1990 | Political
"Man Escaped, A",Foreign | Average (100-130 mins) | 1950-1990 | Prison
Diary of a Country Priest,Foreign | Average (100-130 mins) | 1950-1990 | Religious
Ordet,Foreign | Average (100-130 mins) | 1950-1990 | Religious
Black Orpheus,Foreign | Average (100-130 mins) | 1950-1990 | Romance
Charulata,Foreign | Average (100-130 mins) | 1950-1990 | Romance
Claire's Knee,Foreign | Average (100-130 mins) | 1950-1990 | Romance
Dust in the Wind,Foreign | Average (100-130 mins) | 1950-1990 | Romance
"Eclisse, L'",Foreign | Average (100-130 mins) | 1950-1990 | Romance
Floating Clouds,Foreign | Average (100-130 mins) | 1950-1990 | Romance
In the Realm of the Senses,Foreign | Average (100-130 mins) | 1950-1990 | Romance
Jules et Jim,Foreign | Average (100-130 mins) | 1950-1990 | Romance
Madame de...,Foreign | Average (100-130 mins) | 1950-1990 | Romance
My Night at Maud's,Foreign | Average (100-130 mins) | 1950-1990 | Romance
Pierrot le fou,Foreign | Average (100-130 mins) | 1950-1990 | Romance
Smiles of a Summer Night,Foreign | Average (100-130 mins) | 1950-1990 | Romance
"Tiger of Eschnapur, The",Foreign | Average (100-130 mins) | 1950-1990 | Romance
"Woman Next Door, The",Foreign | Average (100-130 mins) | 1950-1990 | Romance
Dead Ringers,Foreign | Average (100-130 mins) | 1950-1990 | Thriller
"Diaboliques, Les",Foreign | Average (100-130 mins) | 1950-1990 | Thriller
"Killer, The",Foreign | Average (100-130 mins) | 1950-1990 | Thriller
Vengeance is Mine,Foreign | Average (100-130 mins) | 1950-1990 | Thriller
"Wages of Fear, The",Foreign | Average (100-130 mins) | 1950-1990 | Thriller
"Ascent, The",Foreign | Average (100-130 mins) | 1950-1990 | War
Au revoir les enfants,Foreign | Average (100-130 mins) | 1950-1990 | War
"Battle of Algiers, The",Foreign | Average (100-130 mins) | 1950-1990 | War
Chimes at Midnight,Foreign | Average (100-130 mins) | 1950-1990 | War
"Marriage of Maria Braun, The",Foreign | Average (100-130 mins) | 1950-1990 | War
Senso,Foreign | Average (100-130 mins) | 1950-1990 | War
Throne of Blood,Foreign | Average (100-130 mins) | 1950-1990 | War
"Host, The",Foreign | Average (100-130 mins) | 1990-Now | Action
Oldboy,Foreign | Average (100-130 mins) | 1990-Now | Action
"Crouching Tiger, Hidden Dragon",Foreign | Average (100-130 mins) | 1990-Now | Adventure
Spirited Away,Foreign | Average (100-130 mins) | 1990-Now | Animated
"Diving Bell and the Butterfly, The",Foreign | Average (100-130 mins) | 1990-Now | Biography
All About My Mother,Foreign | Average (100-130 mins) | 1990-Now | Comedy
"Ciénaga, La",Foreign | Average (100-130 mins) | 1990-Now | Comedy
"Idiots, The",Foreign | Average (100-130 mins) | 1990-Now | Comedy
Y tu mamá también,Foreign | Average (100-130 mins) | 1990-Now | Comedy
City of God,Foreign | Average (100-130 mins) | 1990-Now | Crime
Hana-Bi,Foreign | Average (100-130 mins) | 1990-Now | Crime
And Life Goes On...,Foreign | Average (100-130 mins) | 1990-Now | Documentary
D'Est,Foreign | Average (100-130 mins) | 1990-Now | Documentary
"Last Bolshevik, The",Foreign | Average (100-130 mins) | 1990-Now | Documentary
"4 Months, 3 Weeks and 2 Days",Foreign | Average (100-130 mins) | 1990-Now | Drama
"Amants du Pont-Neuf, Les",Foreign | Average (100-130 mins) | 1990-Now | Drama
Central Station,Foreign | Average (100-130 mins) | 1990-Now | Drama
Code Unknown,Foreign | Average (100-130 mins) | 1990-Now | Drama
Distant,Foreign | Average (100-130 mins) | 1990-Now | Drama
Festen,Foreign | Average (100-130 mins) | 1990-Now | Drama
Flowers of Shanghai,Foreign | Average (100-130 mins) | 1990-Now | Drama
"Intruder, The",Foreign | Average (100-130 mins) | 1990-Now | Drama
"Piano Teacher, The",Foreign | Average (100-130 mins) | 1990-Now | Drama
Raise the Red Lantern,Foreign | Average (100-130 mins) | 1990-Now | Drama
"River, The",Foreign | Average (100-130 mins) | 1990-Now | Drama
Saraband,Foreign | Average (100-130 mins) | 1990-Now | Drama
"Separation, A",Foreign | Average (100-130 mins) | 1990-Now | Drama
"Son, The",Foreign | Average (100-130 mins) | 1990-Now | Drama
"Spring, Summer, Autumn, Winter… and Spring",Foreign | Average (100-130 mins) | 1990-Now | Drama
"Sweet Hereafter, The",Foreign | Average (100-130 mins) | 1990-Now | Drama
Syndromes and a Century,Foreign | Average (100-130 mins) | 1990-Now | Drama
Through the Olive Trees,Foreign | Average (100-130 mins) | 1990-Now | Drama
Vive L'Amour,Foreign | Average (100-130 mins) | 1990-Now | Drama
"Wind Will Carry Us, The",Foreign | Average (100-130 mins) | 1990-Now | Drama
After Life,Foreign | Average (100-130 mins) | 1990-Now | Fantasy
Holy Motors,Foreign | Average (100-130 mins) | 1990-Now | Fantasy
Pan's Labyrinth,Foreign | Average (100-130 mins) | 1990-Now | Fantasy
Tropical Malady,Foreign | Average (100-130 mins) | 1990-Now | Fantasy
Uncle Boonmee Who Can Recall His Past Lives,Foreign | Average (100-130 mins) | 1990-Now | Fantasy
"Piano, The",Foreign | Average (100-130 mins) | 1990-Now | History
Let the Right One In,Foreign | Average (100-130 mins) | 1990-Now | Horror
Amélie,Foreign | Average (100-130 mins) | 1990-Now | Romance
Amour,Foreign | Average (100-130 mins) | 1990-Now | Romance
Blissfully Yours,Foreign | Average (100-130 mins) | 1990-Now | Romance
Chungking Express,Foreign | Average (100-130 mins) | 1990-Now | Romance
Still Life,Foreign | Average (100-130 mins) | 1990-Now | Romance
Talk to Her,Foreign | Average (100-130 mins) | 1990-Now | Romance
2046,Foreign | Average (100-130 mins) | 1990-Now | Science Fiction
Audition,Foreign | Average (100-130 mins) | 1990-Now | Thriller
Caché,Foreign | Average (100-130 mins) | 1990-Now | Thriller
Léon,Foreign | Average (100-130 mins) | 1990-Now | Thriller
Pandora's Box,Foreign | Long (130+ mins) | Pre-1950 | Crime
Olympia,Foreign | Long (130+ mins) | Pre-1950 | Documentary
Ossessione,Foreign | Long (130+ mins) | Pre-1950 | Drama
"Terra trema, La",Foreign | Long (130+ mins) | Pre-1950 | Drama
Metropolis,Foreign | Long (130+ mins) | Pre-1950 | Fantasy
"47 Ronin, The",Foreign | Long (130+ mins) | Pre-1950 | History
"Enfants du paradis, Les",Foreign | Long (130+ mins) | Pre-1950 | Romance
"Story of the Last Chrysanthemums, The",Foreign | Long (130+ mins) | Pre-1950 | Romance
"Dr. Mabuse, The Gambler",Foreign | Long (130+ mins) | Pre-1950 | Thriller
"Vampires, Les",Foreign | Long (130+ mins) | Pre-1950 | Thriller
Napoléon,Foreign | Long (130+ mins) | Pre-1950 | War
"Boot, Das",Foreign | Long (130+ mins) | 1950-1990 | Action
Harakiri,Foreign | Long (130+ mins) | 1950-1990 | Action
Seven Samurai,Foreign | Long (130+ mins) | 1950-1990 | Action
Sholay,Foreign | Long (130+ mins) | 1950-1990 | Action
Dersu Uzala,Foreign | Long (130+ mins) | 1950-1990 | Adventure
Fitzcarraldo,Foreign | Long (130+ mins) | 1950-1990 | Adventure
"Touch of Zen, A",Foreign | Long (130+ mins) | 1950-1990 | Adventure
Edvard Munch,Foreign | Long (130+ mins) | 1950-1990 | Biography
Fellini's Casanova,Foreign | Long (130+ mins) | 1950-1990 | Biography
Hitler: A Film from Germany,Foreign | Long (130+ mins) | 1950-1990 | Biography
Ludwig,Foreign | Long (130+ mins) | 1950-1990 | Biography
"Out 1, noli me tangere",Foreign | Long (130+ mins) | 1950-1990 | Comedy
Once Upon a Time in America,Foreign | Long (130+ mins) | 1950-1990 | Crime
"Trou, Le",Foreign | Long (130+ mins) | 1950-1990 | Crime
Diary,Foreign | Long (130+ mins) | 1950-1990 | Documentary
"Grin Without a Cat, A",Foreign | Long (130+ mins) | 1950-1990 | Documentary
Shoah,Foreign | Long (130+ mins) | 1950-1990 | Documentary
"Sorrow and the Pity, The",Foreign | Long (130+ mins) | 1950-1990 | Documentary
8½,Foreign | Long (130+ mins) | 1950-1990 | Drama
Dekalog,Foreign | Long (130+ mins) | 1950-1990 | Drama
"Dolce vita, La",Foreign | Long (130+ mins) | 1950-1990 | Drama
Early Summer,Foreign | Long (130+ mins) | 1950-1990 | Drama
Fanny and Alexander,Foreign | Long (130+ mins) | 1950-1990 | Drama
Ikiru,Foreign | Long (130+ mins) | 1950-1990 | Drama
Kings of the Road,Foreign | Long (130+ mins) | 1950-1990 | Drama
"Life of Oharu, The",Foreign | Long (130+ mins) | 1950-1990 | Drama
"Mother and the Whore, The",Foreign | Long (130+ mins) | 1950-1990 | Drama
Red Beard,Foreign | Long (130+ mins) | 1950-1990 | Drama
Rocco and His Brothers,Foreign | Long (130+ mins) | 1950-1990 | Drama
"Sacrifice, The",Foreign | Long (130+ mins) | 1950-1990 | Drama
Scenes from a Marriage,Foreign | Long (130+ mins) | 1950-1990 | Drama
Second Breath,Foreign | Long (130+ mins) | 1950-1990 | Drama
Subarnarekha,Foreign | Long (130+ mins) | 1950-1990 | Drama
Time of the Gypsies,Foreign | Long (130+ mins) | 1950-1990 | Drama
"Time to Live and the Time to Die, The",Foreign | Long (130+ mins) | 1950-1990 | Drama
Tokyo Story,Foreign | Long (130+ mins) | 1950-1990 | Drama
"Tree of Wooden Clogs, The",Foreign | Long (130+ mins) | 1950-1990 | Drama
Celine and Julie Go Boating,Foreign | Long (130+ mins) | 1950-1990 | Fantasy
Dodes'ka-den,Foreign | Long (130+ mins) | 1950-1990 | Fantasy
Juliet of the Spirits,Foreign | Long (130+ mins) | 1950-1990 | Fantasy
Andrei Rublev,Foreign | Long (130+ mins) | 1950-1990 | History
Berlin Alexanderplatz,Foreign | Long (130+ mins) | 1950-1990 | History
"Last Emperor, The",Foreign | Long (130+ mins) | 1950-1990 | History
"Leopard, The",Foreign | Long (130+ mins) | 1950-1990 | History
Marketa Lazarová,Foreign | Long (130+ mins) | 1950-1990 | History
Kwaidan,Foreign | Long (130+ mins) | 1950-1990 | Horror
Mother India,Foreign | Long (130+ mins) | 1950-1990 | Musical
Pyaasa,Foreign | Long (130+ mins) | 1950-1990 | Musical
"Avventura, L'",Foreign | Long (130+ mins) | 1950-1990 | Mystery
"Saragossa Manuscript, The",Foreign | Long (130+ mins) | 1950-1990 | Mystery
1900,Foreign | Long (130+ mins) | 1950-1990 | Political
"Age of the Earth, The",Foreign | Long (130+ mins) | 1950-1990 | Political
"City of Sadness, A",Foreign | Long (130+ mins) | 1950-1990 | Political
"Hour of the Furnaces, The",Foreign | Long (130+ mins) | 1950-1990 | Political
I Am Cuba,Foreign | Long (130+ mins) | 1950-1990 | Political
"Travelling Players, The",Foreign | Long (130+ mins) | 1950-1990 | Political
"Gospel According to St. Matthew, The",Foreign | Long (130+ mins) | 1950-1990 | Religious
Kaagaz Ke Phool,Foreign | Long (130+ mins) | 1950-1990 | Romance
Last Tango in Paris,Foreign | Long (130+ mins) | 1950-1990 | Romance
Solaris,Foreign | Long (130+ mins) | 1950-1990 | Science Fiction
Stalker,Foreign | Long (130+ mins) | 1950-1990 | Science Fiction
High and Low,Foreign | Long (130+ mins) | 1950-1990 | Thriller
"Red Circle, The",Foreign | Long (130+ mins) | 1950-1990 | Thriller
Army of Shadows,Foreign | Long (130+ mins) | 1950-1990 | War
Come and See,Foreign | Long (130+ mins) | 1950-1990 | War
"Damned, The",Foreign | Long (130+ mins) | 1950-1990 | War
Kagemusha,Foreign | Long (130+ mins) | 1950-1990 | War
Ran,Foreign | Long (130+ mins) | 1950-1990 | War
"Tin Drum, The",Foreign | Long (130+ mins) | 1950-1990 | War
"Good, the Bad and the Ugly, The",Foreign | Long (130+ mins) | 1950-1990 | Western
Once Upon a Time in the West,Foreign | Long (130+ mins) | 1950-1990 | Western
"Jeanne Dielman, 23 Quai du Commerce, 1080 Bruxelles",Foreign | Long (130+ mins) | 1950-1990 | Avant-Garde
"Région centrale, La",Foreign | Long (130+ mins) | 1950-1990 | Avant-Garde
Princess Mononoke,Foreign | Long (130+ mins) | 1990-Now | Animated
"Angel at My Table, An",Foreign | Long (130+ mins) | 1990-Now | Biography
"Puppetmaster, The",Foreign | Long (130+ mins) | 1990-Now | Biography
Van Gogh,Foreign | Long (130+ mins) | 1990-Now | Biography
Sátántangó,Foreign | Long (130+ mins) | 1990-Now | Comedy
"Brighter Summer Day, A",Foreign | Long (130+ mins) | 1990-Now | Crime
Memories of Murder,Foreign | Long (130+ mins) | 1990-Now | Crime
Once Upon a Time in Anatolia,Foreign | Long (130+ mins) | 1990-Now | Crime
"White Ribbon, The",Foreign | Long (130+ mins) | 1990-Now | Crime
Histoire(s) du cinéma,Foreign | Long (130+ mins) | 1990-Now | Documentary
Quince Tree of the Sun,Foreign | Long (130+ mins) | 1990-Now | Documentary
Tie Xi Qu: West of the Tracks,Foreign | Long (130+ mins) | 1990-Now | Documentary
Abraham's Valley,Foreign | Long (130+ mins) | 1990-Now | Drama
Amores perros,Foreign | Long (130+ mins) | 1990-Now | Drama
"Belle noiseuse, La",Foreign | Long (130+ mins) | 1990-Now | Drama
Colossal Youth,Foreign | Long (130+ mins) | 1990-Now | Drama
"Death of Mr. Lazarescu, The",Foreign | Long (130+ mins) | 1990-Now | Drama
Dogville,Foreign | Long (130+ mins) | 1990-Now | Drama
"Humanité, L'",Foreign | Long (130+ mins) | 1990-Now | Drama
In Vanda's Room,Foreign | Long (130+ mins) | 1990-Now | Drama
"Lives of Others, The",Foreign | Long (130+ mins) | 1990-Now | Drama
Silent Light,Foreign | Long (130+ mins) | 1990-Now | Drama
To Live,Foreign | Long (130+ mins) | 1990-Now | Drama
"Turin Horse, The",Foreign | Long (130+ mins) | 1990-Now | Drama
Werckmeister Harmonies,Foreign | Long (130+ mins) | 1990-Now | Drama
Yi yi,Foreign | Long (130+ mins) | 1990-Now | Drama
"Lord of the Rings: The Fellowship of the Ring, The",Foreign | Long (130+ mins) | 1990-Now | Fantasy
"Lord of the Rings: The Return of the King, The",Foreign | Long (130+ mins) | 1990-Now | Fantasy
Burnt by the Sun,Foreign | Long (130+ mins) | 1990-Now | History
"Commune (Paris, 1871), La",Foreign | Long (130+ mins) | 1990-Now | History
"Farewell, My Concubine",Foreign | Long (130+ mins) | 1990-Now | History
Platform,Foreign | Long (130+ mins) | 1990-Now | History
Dancer in the Dark,Foreign | Long (130+ mins) | 1990-Now | Musical
Breaking the Waves,Foreign | Long (130+ mins) | 1990-Now | Romance
Melancholia,Foreign | Long (130+ mins) | 1990-Now | Science Fiction
Underground,Foreign | Long (130+ mins) | 1990-Now | War
"Adventures of Prince Achmed, The",Foreign | Short (100 mins or less) | Pre-1950 | Animated
Boudu Saved from Drowning,Foreign | Short (100 mins or less) | Pre-1950 | Comedy
"I Was Born, But...",Foreign | Short (100 mins or less) | Pre-1950 | Comedy
"Million, Le",Foreign | Short (100 mins or less) | Pre-1950 | Comedy
Street Angel,Foreign | Short (100 mins or less) | Pre-1950 | Comedy
"Crime of Monsieur Lange, The",Foreign | Short (100 mins or less) | Pre-1950 | Crime
"Nuit du carrefour, La",Foreign | Short (100 mins or less) | Pre-1950 | Crime
"Olvidados, Los",Foreign | Short (100 mins or less) | Pre-1950 | Crime
Rashomon,Foreign | Short (100 mins or less) | Pre-1950 | Crime
Berlin: Symphony of a Great City,Foreign | Short (100 mins or less) | Pre-1950 | Documentary
Häxan,Foreign | Short (100 mins or less) | Pre-1950 | Documentary
Land Without Bread,Foreign | Short (100 mins or less) | Pre-1950 | Documentary
"Man with a Movie Camera, The",Foreign | Short (100 mins or less) | Pre-1950 | Documentary
"Sang des bêtes, Le",Foreign | Short (100 mins or less) | Pre-1950 | Documentary
"Bête humaine, La",Foreign | Short (100 mins or less) | Pre-1950 | Drama
Bicycle Thieves,Foreign | Short (100 mins or less) | Pre-1950 | Drama
"Chant d'amour, Un",Foreign | Short (100 mins or less) | Pre-1950 | Drama
"Chienne, La",Foreign | Short (100 mins or less) | Pre-1950 | Drama
Earth,Foreign | Short (100 mins or less) | Pre-1950 | Drama
"Goddess, The",Foreign | Short (100 mins or less) | Pre-1950 | Drama
Humanity and Paper Balloons,Foreign | Short (100 mins or less) | Pre-1950 | Drama
"Last Laugh, The",Foreign | Short (100 mins or less) | Pre-1950 | Drama
Port of Shadows,Foreign | Short (100 mins or less) | Pre-1950 | Drama
Zero for Conduct,Foreign | Short (100 mins or less) | Pre-1950 | Drama
"Belle et la bête, La",Foreign | Short (100 mins or less) | Pre-1950 | Fantasy
"Phantom Carriage, The",Foreign | Short (100 mins or less) | Pre-1950 | Fantasy
"Ivan the Terrible, Part 1",Foreign | Short (100 mins or less) | Pre-1950 | History
"Ivan the Terrible, Part 2",Foreign | Short (100 mins or less) | Pre-1950 | History
Strike,Foreign | Short (100 mins or less) | Pre-1950 | History
"Cabinet of Dr. Caligari, The",Foreign | Short (100 mins or less) | Pre-1950 | Horror
"Chien andalou, Un",Foreign | Short (100 mins or less) | Pre-1950 | Horror
Nosferatu,Foreign | Short (100 mins or less) | Pre-1950 | Horror
Vampyr,Foreign | Short (100 mins or less) | Pre-1950 | Horror
"Flowers of St. Francis, The",Foreign | Short (100 mins or less) | Pre-1950 | Religious
"Atalante, L'",Foreign | Short (100 mins or less) | Pre-1950 | Romance
"Dames du Bois de Boulogne, Les",Foreign | Short (100 mins or less) | Pre-1950 | Romance
Orpheus,Foreign | Short (100 mins or less) | Pre-1950 | Romance
Partie de campagne,Foreign | Short (100 mins or less) | Pre-1950 | Romance
Pépé le Moko,Foreign | Short (100 mins or less) | Pre-1950 | Romance
Spring in a Small Town,Foreign | Short (100 mins or less) | Pre-1950 | Romance
By the Bluest of Seas,Foreign | Short (100 mins or less) | Pre-1950 | Romantic
"Voyage dans la lune, Le",Foreign | Short (100 mins or less) | Pre-1950 | Science Fiction
"Jour se lève, Le",Foreign | Short (100 mins or less) | Pre-1950 | Thriller
M,Foreign | Short (100 mins or less) | Pre-1950 | Thriller
Spione,Foreign | Short (100 mins or less) | Pre-1950 | Thriller
Battleship Potemkin,Foreign | Short (100 mins or less) | Pre-1950 | War
"Germany, Year Zero",Foreign | Short (100 mins or less) | Pre-1950 | War
Outskirts,Foreign | Short (100 mins or less) | Pre-1950 | War
"Âge d'or, L'",Foreign | Short (100 mins or less) | Pre-1950 | Avant-Garde
Grave of the Fireflies,Foreign | Short (100 mins or less) | 1950-1990 | Animated
Tale of Tales,Foreign | Short (100 mins or less) | 1950-1990 | Animated
"Rise to Power of Louis XIV, The",Foreign | Short (100 mins or less) | 1950-1990 | Biography
Closely Watched Trains,Foreign | Short (100 mins or less) | 1950-1990 | Comedy
Daisies,Foreign | Short (100 mins or less) | 1950-1990 | Comedy
"Firemen's Ball, The",Foreign | Short (100 mins or less) | 1950-1990 | Comedy
"Golden Coach, The",Foreign | Short (100 mins or less) | 1950-1990 | Comedy
Good Morning,Foreign | Short (100 mins or less) | 1950-1990 | Comedy
"Hawks and the Sparrows, The",Foreign | Short (100 mins or less) | 1950-1990 | Comedy
Loves of a Blonde,Foreign | Short (100 mins or less) | 1950-1990 | Comedy
Mr. Hulot's Holiday,Foreign | Short (100 mins or less) | 1950-1990 | Comedy
Plácido,Foreign | Short (100 mins or less) | 1950-1990 | Comedy
"Verdugo, El",Foreign | Short (100 mins or less) | 1950-1990 | Comedy
W.R.: Mysteries of the Organism,Foreign | Short (100 mins or less) | 1950-1990 | Comedy
Women on the Verge of a Nervous Breakdown,Foreign | Short (100 mins or less) | 1950-1990 | Comedy
"Argent, L'",Foreign | Short (100 mins or less) | 1950-1990 | Crime
Bande à part,Foreign | Short (100 mins or less) | 1950-1990 | Crime
Big Deal on Madonna Street,Foreign | Short (100 mins or less) | 1950-1990 | Crime
Branded to Kill,Foreign | Short (100 mins or less) | 1950-1990 | Crime
Cairo Station,Foreign | Short (100 mins or less) | 1950-1990 | Crime
"Criminal Life of Archibaldo de la Cruz, The",Foreign | Short (100 mins or less) | 1950-1990 | Crime
Pickpocket,Foreign | Short (100 mins or less) | 1950-1990 | Crime
Shoot the Piano Player,Foreign | Short (100 mins or less) | 1950-1990 | Crime
"Short Film About Killing, A",Foreign | Short (100 mins or less) | 1950-1990 | Crime
Aguaespejo granadino,Foreign | Short (100 mins or less) | 1950-1990 | Documentary
Chronicle of a Summer,Foreign | Short (100 mins or less) | 1950-1990 | Documentary
F for Fake,Foreign | Short (100 mins or less) | 1950-1990 | Documentary
"House is Black, The",Foreign | Short (100 mins or less) | 1950-1990 | Documentary
"Maîtres fous, Les",Foreign | Short (100 mins or less) | 1950-1990 | Documentary
"Seasons, The",Foreign | Short (100 mins or less) | 1950-1990 | Documentary
"Tale of the Wind, A",Foreign | Short (100 mins or less) | 1950-1990 | Documentary
"Too Early, Too Late",Foreign | Short (100 mins or less) | 1950-1990 | Documentary
"400 Blows, The",Foreign | Short (100 mins or less) | 1950-1990 | Drama
Au hasard Balthazar,Foreign | Short (100 mins or less) | 1950-1990 | Drama
Belle de jour,Foreign | Short (100 mins or less) | 1950-1990 | Drama
Black Girl,Foreign | Short (100 mins or less) | 1950-1990 | Drama
"Bonheur, Le",Foreign | Short (100 mins or less) | 1950-1990 | Drama
Cléo from 5 to 7,Foreign | Short (100 mins or less) | 1950-1990 | Drama
"Devil, Probably, The",Foreign | Short (100 mins or less) | 1950-1990 | Drama
El,Foreign | Short (100 mins or less) | 1950-1990 | Drama
"Enfance nue, L'",Foreign | Short (100 mins or less) | 1950-1990 | Drama
Hiroshima mon amour,Foreign | Short (100 mins or less) | 1950-1990 | Drama
Iracema - Uma Transa Amazônica,Foreign | Short (100 mins or less) | 1950-1990 | Drama
Knife in the Water,Foreign | Short (100 mins or less) | 1950-1990 | Drama
"Moi, un Noir",Foreign | Short (100 mins or less) | 1950-1990 | Drama
Mouchette,Foreign | Short (100 mins or less) | 1950-1990 | Drama
"Music Room, The",Foreign | Short (100 mins or less) | 1950-1990 | Drama
My Friend Ivan Lapshin,Foreign | Short (100 mins or less) | 1950-1990 | Drama
"Naked Island, The",Foreign | Short (100 mins or less) | 1950-1990 | Drama
News from Home,Foreign | Short (100 mins or less) | 1950-1990 | Drama
Not Reconciled,Foreign | Short (100 mins or less) | 1950-1990 | Drama
Numéro deux,Foreign | Short (100 mins or less) | 1950-1990 | Drama
Othello,Foreign | Short (100 mins or less) | 1950-1990 | Drama
Passion,Foreign | Short (100 mins or less) | 1950-1990 | Drama
"Posto, Il",Foreign | Short (100 mins or less) | 1950-1990 | Drama
Red Sorghum,Foreign | Short (100 mins or less) | 1950-1990 | Drama
Sauve qui peut (la vie),Foreign | Short (100 mins or less) | 1950-1990 | Drama
Sawdust and Tinsel,Foreign | Short (100 mins or less) | 1950-1990 | Drama
"Silence, The",Foreign | Short (100 mins or less) | 1950-1990 | Drama
Simon of the Desert,Foreign | Short (100 mins or less) | 1950-1990 | Drama
"Spirit of the Beehive, The",Foreign | Short (100 mins or less) | 1950-1990 | Drama
Street of Shame,Foreign | Short (100 mins or less) | 1950-1990 | Drama
Teorema,Foreign | Short (100 mins or less) | 1950-1990 | Drama
Touki Bouki,Foreign | Short (100 mins or less) | 1950-1990 | Drama
Tristana,Foreign | Short (100 mins or less) | 1950-1990 | Drama
Two or Three Things I Know About Her,Foreign | Short (100 mins or less) | 1950-1990 | Drama
Ugetsu monogatari,Foreign | Short (100 mins or less) | 1950-1990 | Drama
Umberto D.,Foreign | Short (100 mins or less) | 1950-1990 | Drama
"Virgin Spring, The",Foreign | Short (100 mins or less) | 1950-1990 | Drama
Viridiana,Foreign | Short (100 mins or less) | 1950-1990 | Drama
Vivre sa vie,Foreign | Short (100 mins or less) | 1950-1990 | Drama
Where is the Friend's Home?,Foreign | Short (100 mins or less) | 1950-1990 | Drama
"Wild Child, The",Foreign | Short (100 mins or less) | 1950-1990 | Drama
Wild Strawberries,Foreign | Short (100 mins or less) | 1950-1990 | Drama
Fata Morgana,Foreign | Short (100 mins or less) | 1950-1990 | Experimental
"Discreet Charm of the Bourgeoisie, The",Foreign | Short (100 mins or less) | 1950-1990 | Fantasy
"Exterminating Angel, The",Foreign | Short (100 mins or less) | 1950-1990 | Fantasy
Lancelot du Lac,Foreign | Short (100 mins or less) | 1950-1990 | Fantasy
Miracle in Milan,Foreign | Short (100 mins or less) | 1950-1990 | Fantasy
My Neighbour Totoro,Foreign | Short (100 mins or less) | 1950-1990 | Fantasy
"Red Balloon, The",Foreign | Short (100 mins or less) | 1950-1990 | Fantasy
"Seventh Seal, The",Foreign | Short (100 mins or less) | 1950-1990 | Fantasy
Aguirre: The Wrath of God,Foreign | Short (100 mins or less) | 1950-1990 | History
"Chronicle of Anna Magdalena Bach, The",Foreign | Short (100 mins or less) | 1950-1990 | History
"Colour of Pomegranate, The",Foreign | Short (100 mins or less) | 1950-1990 | History
Eyes Without a Face,Foreign | Short (100 mins or less) | 1950-1990 | Horror
Hour of the Wolf,Foreign | Short (100 mins or less) | 1950-1990 | Horror
Suspiria,Foreign | Short (100 mins or less) | 1950-1990 | Horror
Videodrome,Foreign | Short (100 mins or less) | 1950-1990 | Horror
French Cancan,Foreign | Short (100 mins or less) | 1950-1990 | Musical
Last Year at Marienbad,Foreign | Short (100 mins or less) | 1950-1990 | Mystery
Memories of Underdevelopment,Foreign | Short (100 mins or less) | 1950-1990 | Political
"Round-Up, The",Foreign | Short (100 mins or less) | 1950-1990 | Political
Yellow Earth,Foreign | Short (100 mins or less) | 1950-1990 | Political
Nazarín,Foreign | Short (100 mins or less) | 1950-1990 | Religious
Winter Light,Foreign | Short (100 mins or less) | 1950-1990 | Religious
Ali: Fear Eats the Soul,Foreign | Short (100 mins or less) | 1950-1990 | Romance
Breathless,Foreign | Short (100 mins or less) | 1950-1990 | Romance
Casque d'or,Foreign | Short (100 mins or less) | 1950-1990 | Romance
Chikamatsu monogatari,Foreign | Short (100 mins or less) | 1950-1990 | Romance
"Green Ray, The",Foreign | Short (100 mins or less) | 1950-1990 | Romance
Lola,Foreign | Short (100 mins or less) | 1950-1990 | Romance
"Plaisir, Le",Foreign | Short (100 mins or less) | 1950-1990 | Romance
"River, The",Foreign | Short (100 mins or less) | 1950-1990 | Romance
Shadows of Our Forgotten Ancestors,Foreign | Short (100 mins or less) | 1950-1990 | Romance
"Sur, El",Foreign | Short (100 mins or less) | 1950-1990 | Romance
"Umbrellas of Cherbourg, The",Foreign | Short (100 mins or less) | 1950-1990 | Romance
Voyage in Italy,Foreign | Short (100 mins or less) | 1950-1990 | Romance
Alphaville,Foreign | Short (100 mins or less) | 1950-1990 | Science Fiction
"Jetée, La",Foreign | Short (100 mins or less) | 1950-1990 | Science Fiction
"Bandido da Luz Vermelha, O",Foreign | Short (100 mins or less) | 1950-1990 | Thriller
"Better Tomorrow, A",Foreign | Short (100 mins or less) | 1950-1990 | Thriller
"Boucher, Le",Foreign | Short (100 mins or less) | 1950-1990 | Thriller
Deep Red,Foreign | Short (100 mins or less) | 1950-1990 | Thriller
Elevator to the Gallows,Foreign | Short (100 mins or less) | 1950-1990 | Thriller
Persona,Foreign | Short (100 mins or less) | 1950-1990 | Thriller
"Samouraï, Le",Foreign | Short (100 mins or less) | 1950-1990 | Thriller
Touchez pas au Grisbi,Foreign | Short (100 mins or less) | 1950-1990 | Thriller
Anatahan,Foreign | Short (100 mins or less) | 1950-1990 | War
Ashes and Diamonds,Foreign | Short (100 mins or less) | 1950-1990 | War
"Cranes Are Flying, The",Foreign | Short (100 mins or less) | 1950-1990 | War
Forbidden Games,Foreign | Short (100 mins or less) | 1950-1990 | War
Ivan's Childhood,Foreign | Short (100 mins or less) | 1950-1990 | War
Night and Fog,Foreign | Short (100 mins or less) | 1950-1990 | War
Antonio das Mortes,Foreign | Short (100 mins or less) | 1950-1990 | Western
"Hart of London, The",Foreign | Short (100 mins or less) | 1950-1990 | Avant-Garde
Sans soleil,Foreign | Short (100 mins or less) | 1950-1990 | Avant-Garde
Wavelength,Foreign | Short (100 mins or less) | 1950-1990 | Avant-Garde
Caro diario,Foreign | Short (100 mins or less) | 1990-Now | Comedy
"Goodbye, Dragon Inn",Foreign | Short (100 mins or less) | 1990-Now | Comedy
"Match Factory Girl, The",Foreign | Short (100 mins or less) | 1990-Now | Comedy
"Moment of Innocence, A",Foreign | Short (100 mins or less) | 1990-Now | Comedy
Irréversible,Foreign | Short (100 mins or less) | 1990-Now | Crime
Close-Up,Foreign | Short (100 mins or less) | 1990-Now | Documentary
"Gleaners & I, The",Foreign | Short (100 mins or less) | 1990-Now | Documentary
Lessons of Darkness,Foreign | Short (100 mins or less) | 1990-Now | Documentary
Nostalgia for the Light,Foreign | Short (100 mins or less) | 1990-Now | Documentary
Beau travail,Foreign | Short (100 mins or less) | 1990-Now | Drama
Crash,Foreign | Short (100 mins or less) | 1990-Now | Drama
Days of Being Wild,Foreign | Short (100 mins or less) | 1990-Now | Drama
Fat Girl,Foreign | Short (100 mins or less) | 1990-Now | Drama
"Haine, La",Foreign | Short (100 mins or less) | 1990-Now | Drama
In Praise of Love,Foreign | Short (100 mins or less) | 1990-Now | Drama
Mother and Son,Foreign | Short (100 mins or less) | 1990-Now | Drama
Nouvelle vague,Foreign | Short (100 mins or less) | 1990-Now | Drama
Rosetta,Foreign | Short (100 mins or less) | 1990-Now | Drama
Sicilia!,Foreign | Short (100 mins or less) | 1990-Now | Drama
Songs from the Second Floor,Foreign | Short (100 mins or less) | 1990-Now | Drama
Taste of Cherry,Foreign | Short (100 mins or less) | 1990-Now | Drama
Ten,Foreign | Short (100 mins or less) | 1990-Now | Drama
Three Colours: Blue,Foreign | Short (100 mins or less) | 1990-Now | Drama
Three Colours: Red,Foreign | Short (100 mins or less) | 1990-Now | Drama
"Double Life of Veronique, The",Foreign | Short (100 mins or less) | 1990-Now | Fantasy
Russian Ark,Foreign | Short (100 mins or less) | 1990-Now | Fantasy
"Headless Woman, The",Foreign | Short (100 mins or less) | 1990-Now | Mystery
Happy Together,Foreign | Short (100 mins or less) | 1990-Now | Romance
In the Mood for Love,Foreign | Short (100 mins or less) | 1990-Now | Romance
